"#","Reference","Qty","Value","Footprint","DNP"
"1","C1","1","10uF/25V(20%)","Capacitor_SMD:C_0805_2012Metric_Pad1.18x1.45mm_HandSolder",""
"2","C2","1","0.1uF/50V(10%)","Capacitor_SMD:C_0805_2012Metric_Pad1.18x1.45mm_HandSolder",""
"3","C3, C4, C7, C8","4","1uF","Capacitor_SMD:C_0805_2012Metric_Pad1.18x1.45mm_HandSolder",""
"4","C5, C6","2","220uF","Capacitor_SMD:CP_Elec_8x10",""
"5","C9, C10, C14","3","10uF","Capacitor_SMD:C_0805_2012Metric_Pad1.18x1.45mm_HandSolder",""
"6","C11, C12","2","0.1uF","Capacitor_SMD:C_0805_2012Metric_Pad1.18x1.45mm_HandSolder",""
"7","C13","1","33uF","Capacitor_SMD:C_0805_2012Metric_Pad1.18x1.45mm_HandSolder",""
"8","D1","1","SP0503BAHTG","my_component:SOT143",""
"9","D2, D3, D4, D5, D6, D7","6","BAT54S","Package_TO_SOT_SMD:SOT-23_Handsoldering",""
"10","D8","1","CDBA540-HF","Diode_SMD:D_SMA_Handsoldering",""
"11","D9","1","LED","LED_SMD:LED_0805_2012Metric_Pad1.15x1.40mm_HandSolder",""
"12","H1, H2, H3, H4","4","MountingHole","MountingHole:MountingHole_3mm",""
"13","J1","1","USB_B_Micro","Connector_USB:USB_Micro-B_Amphenol_10118194_Horizontal",""
"14","J2","1","USB_to_UART_pins","Connector_PinSocket_2.54mm:PinSocket_1x05_P2.54mm_Vertical",""
"15","J3, J4","2","Conn_01x05","Connector_PinHeader_2.54mm:PinHeader_1x05_P2.54mm_Vertical",""
"16","J5, J8","2","Conn_01x03","Connector_PinHeader_2.54mm:PinHeader_1x03_P2.54mm_Vertical",""
"17","J6, J7","2","Conn_01x12","Connector_PinHeader_2.54mm:PinHeader_1x12_P2.54mm_Vertical",""
"18","J9, J12, J13, J14, J15","5","Screw_Terminal_01x02","TerminalBlock_Phoenix:TerminalBlock_Phoenix_MKDS-1,5-2-5.08_1x02_P5.08mm_Horizontal",""
"19","JP2, JP3","2","SolderJumper_2_Open","Jumper:SolderJumper-2_P1.3mm_Open_TrianglePad1.0x1.5mm",""
"20","L1","1","4.7uH","Inductor_SMD:L_Vishay_IHLP-2525",""
"21","Q1, Q2","2","SS8050-G","my_component:TRANS_SS8050-G",""
"22","R1, R2, R3, R4, R5, R9, R11","7","10k","Resistor_SMD:R_0805_2012Metric_Pad1.20x1.40mm_HandSolder",""
"23","R6, R12","2","1k","Resistor_SMD:R_0805_2012Metric_Pad1.20x1.40mm_HandSolder",""
"24","R7, R8, R10, R14","4","100k","Resistor_SMD:R_0805_2012Metric_Pad1.20x1.40mm_HandSolder",""
"25","R13","1","5.1k","Resistor_SMD:R_0805_2012Metric_Pad1.20x1.40mm_HandSolder",""
"26","SW1, SW2","2","PTS645SL43SMTR92LFS","my_component:PTS645SL43SMTR92LFS_CNK",""
"27","TP1, TP2, TP3","3","TestPoint","TestPoint:TestPoint_Keystone_5010-5014_Multipurpose",""
"28","U1","1","ESP32-S3-WROOM-1","PCM_Espressif:ESP32-S3-WROOM-1",""
"29","U2, U3","2","L298N","my_component:TO127P2020X500X2100-15",""
"30","U5","1","TPS562201DDCR","my_component:SOT95P280X110-6N",""
"31","U6","1","TLV1117LV33DCYR","my_component:VREG_TLV1117LV33DCYR",""
