<?xml version="1.0" encoding="UTF-8"?>
<export version="E">
  <design>
    <source>C:\Users\Joshua\Downloads\ready-to-serve-trash-bin(1)\ready-to-serve-trash-bin\ready-to-serve-trash-bin.kicad_sch</source>
    <date>3/5/2024 5:17:37 PM</date>
    <tool>Eeschema 7.0.10</tool>
    <sheet number="1" name="/" tstamps="/">
      <title_block>
        <title>Ready to serve trash bin schematic</title>
        <company/>
        <rev>1</rev>
        <date>2024-03-01</date>
        <source>ready-to-serve-trash-bin.kicad_sch</source>
        <comment number="1" value=""/>
        <comment number="2" value=""/>
        <comment number="3" value=""/>
        <comment number="4" value=""/>
        <comment number="5" value=""/>
        <comment number="6" value=""/>
        <comment number="7" value=""/>
        <comment number="8" value=""/>
        <comment number="9" value=""/>
      </title_block>
    </sheet>
  </design>
  <components>
    <comp ref="C1">
      <value>10uF/25V(20%)</value>
      <footprint>Capacitor_SMD:C_0805_2012Metric_Pad1.18x1.45mm_HandSolder</footprint>
      <libsource lib="Device" part="C" description="Unpolarized capacitor"/>
      <property name="Sheetname" value=""/>
      <property name="Sheetfile" value="ready-to-serve-trash-bin.kicad_sch"/>
      <property name="ki_description" value="Unpolarized capacitor"/>
      <property name="ki_keywords" value="cap capacitor"/>
      <sheetpath names="/" tstamps="/"/>
      <tstamps>88418ed0-71c7-4cc5-8a7b-0770d9fa508c</tstamps>
    </comp>
    <comp ref="C2">
      <value>0.1uF/50V(10%)</value>
      <footprint>Capacitor_SMD:C_0805_2012Metric_Pad1.18x1.45mm_HandSolder</footprint>
      <libsource lib="Device" part="C" description="Unpolarized capacitor"/>
      <property name="Sheetname" value=""/>
      <property name="Sheetfile" value="ready-to-serve-trash-bin.kicad_sch"/>
      <property name="ki_description" value="Unpolarized capacitor"/>
      <property name="ki_keywords" value="cap capacitor"/>
      <sheetpath names="/" tstamps="/"/>
      <tstamps>1a0de49d-536d-46ae-a145-974f9d91632d</tstamps>
    </comp>
    <comp ref="C3">
      <value>1uF</value>
      <footprint>Capacitor_SMD:C_0805_2012Metric_Pad1.18x1.45mm_HandSolder</footprint>
      <libsource lib="Device" part="C_Small" description="Unpolarized capacitor, small symbol"/>
      <property name="Sheetname" value=""/>
      <property name="Sheetfile" value="ready-to-serve-trash-bin.kicad_sch"/>
      <property name="ki_description" value="Unpolarized capacitor, small symbol"/>
      <property name="ki_keywords" value="capacitor cap"/>
      <sheetpath names="/" tstamps="/"/>
      <tstamps>250aceac-24ea-4392-af87-66a65df968fb</tstamps>
    </comp>
    <comp ref="C4">
      <value>1uF</value>
      <footprint>Capacitor_SMD:C_0805_2012Metric_Pad1.18x1.45mm_HandSolder</footprint>
      <libsource lib="Device" part="C_Small" description="Unpolarized capacitor, small symbol"/>
      <property name="Sheetname" value=""/>
      <property name="Sheetfile" value="ready-to-serve-trash-bin.kicad_sch"/>
      <property name="ki_description" value="Unpolarized capacitor, small symbol"/>
      <property name="ki_keywords" value="capacitor cap"/>
      <sheetpath names="/" tstamps="/"/>
      <tstamps>c28b8835-1485-4ee9-978c-d6d877f91e96</tstamps>
    </comp>
    <comp ref="C5">
      <value>220uF</value>
      <footprint>Capacitor_SMD:CP_Elec_8x10</footprint>
      <libsource lib="Device" part="C_Polarized" description="Polarized capacitor"/>
      <property name="Sheetname" value=""/>
      <property name="Sheetfile" value="ready-to-serve-trash-bin.kicad_sch"/>
      <property name="ki_description" value="Polarized capacitor"/>
      <property name="ki_keywords" value="cap capacitor"/>
      <sheetpath names="/" tstamps="/"/>
      <tstamps>da162c47-987f-4f16-8036-2f1309820ea8</tstamps>
    </comp>
    <comp ref="C6">
      <value>220uF</value>
      <footprint>Capacitor_SMD:CP_Elec_8x10</footprint>
      <libsource lib="Device" part="C_Polarized" description="Polarized capacitor"/>
      <property name="Sheetname" value=""/>
      <property name="Sheetfile" value="ready-to-serve-trash-bin.kicad_sch"/>
      <property name="ki_description" value="Polarized capacitor"/>
      <property name="ki_keywords" value="cap capacitor"/>
      <sheetpath names="/" tstamps="/"/>
      <tstamps>16e82d94-224f-4acd-83ab-d61a86b39eb5</tstamps>
    </comp>
    <comp ref="C7">
      <value>1uF</value>
      <footprint>Capacitor_SMD:C_0805_2012Metric_Pad1.18x1.45mm_HandSolder</footprint>
      <libsource lib="Device" part="C_Small" description="Unpolarized capacitor, small symbol"/>
      <property name="Sheetname" value=""/>
      <property name="Sheetfile" value="ready-to-serve-trash-bin.kicad_sch"/>
      <property name="ki_description" value="Unpolarized capacitor, small symbol"/>
      <property name="ki_keywords" value="capacitor cap"/>
      <sheetpath names="/" tstamps="/"/>
      <tstamps>8dc2d24b-d661-4cc6-a811-227309e8fa3d</tstamps>
    </comp>
    <comp ref="C8">
      <value>1uF</value>
      <footprint>Capacitor_SMD:C_0805_2012Metric_Pad1.18x1.45mm_HandSolder</footprint>
      <libsource lib="Device" part="C_Small" description="Unpolarized capacitor, small symbol"/>
      <property name="Sheetname" value=""/>
      <property name="Sheetfile" value="ready-to-serve-trash-bin.kicad_sch"/>
      <property name="ki_description" value="Unpolarized capacitor, small symbol"/>
      <property name="ki_keywords" value="capacitor cap"/>
      <sheetpath names="/" tstamps="/"/>
      <tstamps>e78177f7-6ecb-466b-a4f1-27cac432df29</tstamps>
    </comp>
    <comp ref="C9">
      <value>10uF</value>
      <footprint>Capacitor_SMD:C_0805_2012Metric_Pad1.18x1.45mm_HandSolder</footprint>
      <libsource lib="Device" part="C_Small" description="Unpolarized capacitor, small symbol"/>
      <property name="Sheetname" value=""/>
      <property name="Sheetfile" value="ready-to-serve-trash-bin.kicad_sch"/>
      <property name="ki_description" value="Unpolarized capacitor, small symbol"/>
      <property name="ki_keywords" value="capacitor cap"/>
      <sheetpath names="/" tstamps="/"/>
      <tstamps>d5663c54-c7be-4a6c-ae97-1d83cb38286e</tstamps>
    </comp>
    <comp ref="C10">
      <value>10uF</value>
      <footprint>Capacitor_SMD:C_0805_2012Metric_Pad1.18x1.45mm_HandSolder</footprint>
      <libsource lib="Device" part="C_Small" description="Unpolarized capacitor, small symbol"/>
      <property name="Sheetname" value=""/>
      <property name="Sheetfile" value="ready-to-serve-trash-bin.kicad_sch"/>
      <property name="ki_description" value="Unpolarized capacitor, small symbol"/>
      <property name="ki_keywords" value="capacitor cap"/>
      <sheetpath names="/" tstamps="/"/>
      <tstamps>cd0a1adc-d353-4ef6-86a0-803bfde13ee1</tstamps>
    </comp>
    <comp ref="C11">
      <value>0.1uF</value>
      <footprint>Capacitor_SMD:C_0805_2012Metric_Pad1.18x1.45mm_HandSolder</footprint>
      <libsource lib="Device" part="C_Small" description="Unpolarized capacitor, small symbol"/>
      <property name="Sheetname" value=""/>
      <property name="Sheetfile" value="ready-to-serve-trash-bin.kicad_sch"/>
      <property name="ki_description" value="Unpolarized capacitor, small symbol"/>
      <property name="ki_keywords" value="capacitor cap"/>
      <sheetpath names="/" tstamps="/"/>
      <tstamps>d8fc4d9b-3a1b-4260-aac4-b1008cf3e4b7</tstamps>
    </comp>
    <comp ref="C12">
      <value>0.1uF</value>
      <footprint>Capacitor_SMD:C_0805_2012Metric_Pad1.18x1.45mm_HandSolder</footprint>
      <libsource lib="Device" part="C_Small" description="Unpolarized capacitor, small symbol"/>
      <property name="Sheetname" value=""/>
      <property name="Sheetfile" value="ready-to-serve-trash-bin.kicad_sch"/>
      <property name="ki_description" value="Unpolarized capacitor, small symbol"/>
      <property name="ki_keywords" value="capacitor cap"/>
      <sheetpath names="/" tstamps="/"/>
      <tstamps>ed3f7d77-c4fd-4d27-a52e-3f0ab2da40ef</tstamps>
    </comp>
    <comp ref="C13">
      <value>33uF</value>
      <footprint>Capacitor_SMD:C_0805_2012Metric_Pad1.18x1.45mm_HandSolder</footprint>
      <libsource lib="Device" part="C_Small" description="Unpolarized capacitor, small symbol"/>
      <property name="Sheetname" value=""/>
      <property name="Sheetfile" value="ready-to-serve-trash-bin.kicad_sch"/>
      <property name="ki_description" value="Unpolarized capacitor, small symbol"/>
      <property name="ki_keywords" value="capacitor cap"/>
      <sheetpath names="/" tstamps="/"/>
      <tstamps>75ab19fc-2ac3-4890-8e20-72c40ca55a1d</tstamps>
    </comp>
    <comp ref="C14">
      <value>10uF</value>
      <footprint>Capacitor_SMD:C_0805_2012Metric_Pad1.18x1.45mm_HandSolder</footprint>
      <libsource lib="Device" part="C_Small" description="Unpolarized capacitor, small symbol"/>
      <property name="Sheetname" value=""/>
      <property name="Sheetfile" value="ready-to-serve-trash-bin.kicad_sch"/>
      <property name="ki_description" value="Unpolarized capacitor, small symbol"/>
      <property name="ki_keywords" value="capacitor cap"/>
      <sheetpath names="/" tstamps="/"/>
      <tstamps>ea55f677-a477-4d91-831b-84cd92a5d439</tstamps>
    </comp>
    <comp ref="D1">
      <value>SP0503BAHTG</value>
      <footprint>my_component:SOT143</footprint>
      <fields>
        <field name="AVAILABILITY">In Stock</field>
        <field name="DESCRIPTION">ESD Suppressor TVS Uni-Dir 5.5V 4-Pin SOT-143 T/R</field>
        <field name="MF">Littelfuse</field>
        <field name="MP">SP0503BAHTG</field>
        <field name="PACKAGE">None</field>
        <field name="PRICE">None</field>
        <field name="PURCHASE-URL">https://pricing.snapeda.com/search/part/SP0503BAHTG/?ref=eda</field>
      </fields>
      <libsource lib="SP0503BAHTG" part="SP0503BAHTG" description=""/>
      <property name="MF" value="Littelfuse"/>
      <property name="DESCRIPTION" value="ESD Suppressor TVS Uni-Dir 5.5V 4-Pin SOT-143 T/R"/>
      <property name="PACKAGE" value="None"/>
      <property name="PRICE" value="None"/>
      <property name="MP" value="SP0503BAHTG"/>
      <property name="AVAILABILITY" value="In Stock"/>
      <property name="PURCHASE-URL" value="https://pricing.snapeda.com/search/part/SP0503BAHTG/?ref=eda"/>
      <property name="Sheetname" value=""/>
      <property name="Sheetfile" value="ready-to-serve-trash-bin.kicad_sch"/>
      <sheetpath names="/" tstamps="/"/>
      <tstamps>1baba096-8429-471d-8f02-09b20280a104</tstamps>
    </comp>
    <comp ref="D2">
      <value>BAT54S</value>
      <footprint>Package_TO_SOT_SMD:SOT-23_Handsoldering</footprint>
      <datasheet>https://www.diodes.com/assets/Datasheets/ds11005.pdf</datasheet>
      <libsource lib="Diode" part="BAT54S" description="Vr 30V, If 200mA, Dual schottky barrier diode, in series, SOT-323"/>
      <property name="Sheetname" value=""/>
      <property name="Sheetfile" value="ready-to-serve-trash-bin.kicad_sch"/>
      <property name="ki_description" value="Vr 30V, If 200mA, Dual schottky barrier diode, in series, SOT-323"/>
      <property name="ki_keywords" value="schottky diode"/>
      <sheetpath names="/" tstamps="/"/>
      <tstamps>8fc566f2-da52-4a34-8cb4-e522991f7ddf</tstamps>
    </comp>
    <comp ref="D3">
      <value>BAT54S</value>
      <footprint>Package_TO_SOT_SMD:SOT-23_Handsoldering</footprint>
      <datasheet>https://www.diodes.com/assets/Datasheets/ds11005.pdf</datasheet>
      <libsource lib="Diode" part="BAT54S" description="Vr 30V, If 200mA, Dual schottky barrier diode, in series, SOT-323"/>
      <property name="Sheetname" value=""/>
      <property name="Sheetfile" value="ready-to-serve-trash-bin.kicad_sch"/>
      <property name="ki_description" value="Vr 30V, If 200mA, Dual schottky barrier diode, in series, SOT-323"/>
      <property name="ki_keywords" value="schottky diode"/>
      <sheetpath names="/" tstamps="/"/>
      <tstamps>a84757de-fcf2-4eec-98e5-7461a015f726</tstamps>
    </comp>
    <comp ref="D4">
      <value>BAT54S</value>
      <footprint>Package_TO_SOT_SMD:SOT-23_Handsoldering</footprint>
      <datasheet>https://www.diodes.com/assets/Datasheets/ds11005.pdf</datasheet>
      <libsource lib="Diode" part="BAT54S" description="Vr 30V, If 200mA, Dual schottky barrier diode, in series, SOT-323"/>
      <property name="Sheetname" value=""/>
      <property name="Sheetfile" value="ready-to-serve-trash-bin.kicad_sch"/>
      <property name="ki_description" value="Vr 30V, If 200mA, Dual schottky barrier diode, in series, SOT-323"/>
      <property name="ki_keywords" value="schottky diode"/>
      <sheetpath names="/" tstamps="/"/>
      <tstamps>1cd5f4ea-6387-4c44-a549-8a08bc163a0b</tstamps>
    </comp>
    <comp ref="D5">
      <value>BAT54S</value>
      <footprint>Package_TO_SOT_SMD:SOT-23_Handsoldering</footprint>
      <datasheet>https://www.diodes.com/assets/Datasheets/ds11005.pdf</datasheet>
      <libsource lib="Diode" part="BAT54S" description="Vr 30V, If 200mA, Dual schottky barrier diode, in series, SOT-323"/>
      <property name="Sheetname" value=""/>
      <property name="Sheetfile" value="ready-to-serve-trash-bin.kicad_sch"/>
      <property name="ki_description" value="Vr 30V, If 200mA, Dual schottky barrier diode, in series, SOT-323"/>
      <property name="ki_keywords" value="schottky diode"/>
      <sheetpath names="/" tstamps="/"/>
      <tstamps>5a658927-3ee2-47e3-9d1c-6ff184559685</tstamps>
    </comp>
    <comp ref="D6">
      <value>BAT54S</value>
      <footprint>Package_TO_SOT_SMD:SOT-23_Handsoldering</footprint>
      <datasheet>https://www.diodes.com/assets/Datasheets/ds11005.pdf</datasheet>
      <libsource lib="Diode" part="BAT54S" description="Vr 30V, If 200mA, Dual schottky barrier diode, in series, SOT-323"/>
      <property name="Sheetname" value=""/>
      <property name="Sheetfile" value="ready-to-serve-trash-bin.kicad_sch"/>
      <property name="ki_description" value="Vr 30V, If 200mA, Dual schottky barrier diode, in series, SOT-323"/>
      <property name="ki_keywords" value="schottky diode"/>
      <sheetpath names="/" tstamps="/"/>
      <tstamps>b03a1335-611a-4d3b-87dd-505d09c4543b</tstamps>
    </comp>
    <comp ref="D7">
      <value>BAT54S</value>
      <footprint>Package_TO_SOT_SMD:SOT-23_Handsoldering</footprint>
      <datasheet>https://www.diodes.com/assets/Datasheets/ds11005.pdf</datasheet>
      <libsource lib="Diode" part="BAT54S" description="Vr 30V, If 200mA, Dual schottky barrier diode, in series, SOT-323"/>
      <property name="Sheetname" value=""/>
      <property name="Sheetfile" value="ready-to-serve-trash-bin.kicad_sch"/>
      <property name="ki_description" value="Vr 30V, If 200mA, Dual schottky barrier diode, in series, SOT-323"/>
      <property name="ki_keywords" value="schottky diode"/>
      <sheetpath names="/" tstamps="/"/>
      <tstamps>d5f801c7-05ad-4e54-aa14-4ca7aab59077</tstamps>
    </comp>
    <comp ref="D8">
      <value>CDBA540-HF</value>
      <footprint>Diode_SMD:D_SMA_Handsoldering</footprint>
      <libsource lib="Device" part="D_Schottky" description="Schottky diode"/>
      <property name="Sheetname" value=""/>
      <property name="Sheetfile" value="ready-to-serve-trash-bin.kicad_sch"/>
      <property name="ki_description" value="Schottky diode"/>
      <property name="ki_keywords" value="diode Schottky"/>
      <sheetpath names="/" tstamps="/"/>
      <tstamps>09d31fac-3951-4625-b458-9b4473b841ff</tstamps>
    </comp>
    <comp ref="D9">
      <value>LED</value>
      <footprint>LED_SMD:LED_0805_2012Metric_Pad1.15x1.40mm_HandSolder</footprint>
      <libsource lib="Device" part="LED" description="Light emitting diode"/>
      <property name="Sheetname" value=""/>
      <property name="Sheetfile" value="ready-to-serve-trash-bin.kicad_sch"/>
      <property name="ki_description" value="Light emitting diode"/>
      <property name="ki_keywords" value="LED diode"/>
      <sheetpath names="/" tstamps="/"/>
      <tstamps>9f5fbcf3-9ff7-4e93-80e3-1a3330dfbc3b</tstamps>
    </comp>
    <comp ref="H1">
      <value>MountingHole</value>
      <footprint>MountingHole:MountingHole_3mm</footprint>
      <libsource lib="Mechanical" part="MountingHole" description="Mounting Hole without connection"/>
      <property name="Sheetname" value=""/>
      <property name="Sheetfile" value="ready-to-serve-trash-bin.kicad_sch"/>
      <property name="ki_description" value="Mounting Hole without connection"/>
      <property name="ki_keywords" value="mounting hole"/>
      <sheetpath names="/" tstamps="/"/>
      <tstamps>9589a95e-ad71-4de0-a924-dc6f0b9c0110</tstamps>
    </comp>
    <comp ref="H2">
      <value>MountingHole</value>
      <footprint>MountingHole:MountingHole_3mm</footprint>
      <libsource lib="Mechanical" part="MountingHole" description="Mounting Hole without connection"/>
      <property name="Sheetname" value=""/>
      <property name="Sheetfile" value="ready-to-serve-trash-bin.kicad_sch"/>
      <property name="ki_description" value="Mounting Hole without connection"/>
      <property name="ki_keywords" value="mounting hole"/>
      <sheetpath names="/" tstamps="/"/>
      <tstamps>feb772a1-76ba-4cd2-8a48-09a53eaed348</tstamps>
    </comp>
    <comp ref="H3">
      <value>MountingHole</value>
      <footprint>MountingHole:MountingHole_3mm</footprint>
      <libsource lib="Mechanical" part="MountingHole" description="Mounting Hole without connection"/>
      <property name="Sheetname" value=""/>
      <property name="Sheetfile" value="ready-to-serve-trash-bin.kicad_sch"/>
      <property name="ki_description" value="Mounting Hole without connection"/>
      <property name="ki_keywords" value="mounting hole"/>
      <sheetpath names="/" tstamps="/"/>
      <tstamps>e67e2de9-5aff-406a-92c9-226c85cfee5d</tstamps>
    </comp>
    <comp ref="H4">
      <value>MountingHole</value>
      <footprint>MountingHole:MountingHole_3mm</footprint>
      <libsource lib="Mechanical" part="MountingHole" description="Mounting Hole without connection"/>
      <property name="Sheetname" value=""/>
      <property name="Sheetfile" value="ready-to-serve-trash-bin.kicad_sch"/>
      <property name="ki_description" value="Mounting Hole without connection"/>
      <property name="ki_keywords" value="mounting hole"/>
      <sheetpath names="/" tstamps="/"/>
      <tstamps>9492af33-5f99-469e-b346-12f8ce717cd8</tstamps>
    </comp>
    <comp ref="J1">
      <value>USB_B_Micro</value>
      <footprint>Connector_USB:USB_Micro-B_Amphenol_10118194_Horizontal</footprint>
      <libsource lib="Connector" part="USB_B_Micro" description="USB Micro Type B connector"/>
      <property name="Sheetname" value=""/>
      <property name="Sheetfile" value="ready-to-serve-trash-bin.kicad_sch"/>
      <property name="ki_description" value="USB Micro Type B connector"/>
      <property name="ki_keywords" value="connector USB micro"/>
      <sheetpath names="/" tstamps="/"/>
      <tstamps>8091b2d9-f299-4c9c-ad20-88814ec4c286</tstamps>
    </comp>
    <comp ref="J2">
      <value>USB_to_UART_pins</value>
      <footprint>Connector_PinSocket_2.54mm:PinSocket_1x05_P2.54mm_Vertical</footprint>
      <libsource lib="Connector" part="Conn_01x05_Socket" description="Generic connector, single row, 01x05, script generated"/>
      <property name="Sheetname" value=""/>
      <property name="Sheetfile" value="ready-to-serve-trash-bin.kicad_sch"/>
      <property name="ki_description" value="Generic connector, single row, 01x05, script generated"/>
      <property name="ki_keywords" value="connector"/>
      <sheetpath names="/" tstamps="/"/>
      <tstamps>be6c2f1e-0493-4a67-9541-2d4da547f2ca</tstamps>
    </comp>
    <comp ref="J3">
      <value>Conn_01x05</value>
      <footprint>Connector_PinHeader_2.54mm:PinHeader_1x05_P2.54mm_Vertical</footprint>
      <fields>
        <field name="Note">MT1_Test</field>
      </fields>
      <libsource lib="Connector_Generic" part="Conn_01x05" description="Generic connector, single row, 01x05, script generated (kicad-library-utils/schlib/autogen/connector/)"/>
      <property name="Note" value="MT1_Test"/>
      <property name="Sheetname" value=""/>
      <property name="Sheetfile" value="ready-to-serve-trash-bin.kicad_sch"/>
      <property name="ki_description" value="Generic connector, single row, 01x05, script generated (kicad-library-utils/schlib/autogen/connector/)"/>
      <property name="ki_keywords" value="connector"/>
      <sheetpath names="/" tstamps="/"/>
      <tstamps>4df295b7-ff34-42b2-a582-2bd3524bba4f</tstamps>
    </comp>
    <comp ref="J4">
      <value>Conn_01x05</value>
      <footprint>Connector_PinHeader_2.54mm:PinHeader_1x05_P2.54mm_Vertical</footprint>
      <fields>
        <field name="Note">MT2_Test</field>
      </fields>
      <libsource lib="Connector_Generic" part="Conn_01x05" description="Generic connector, single row, 01x05, script generated (kicad-library-utils/schlib/autogen/connector/)"/>
      <property name="Note" value="MT2_Test"/>
      <property name="Sheetname" value=""/>
      <property name="Sheetfile" value="ready-to-serve-trash-bin.kicad_sch"/>
      <property name="ki_description" value="Generic connector, single row, 01x05, script generated (kicad-library-utils/schlib/autogen/connector/)"/>
      <property name="ki_keywords" value="connector"/>
      <sheetpath names="/" tstamps="/"/>
      <tstamps>5bd72d4f-8492-4c2d-be6f-cbb13881bed1</tstamps>
    </comp>
    <comp ref="J5">
      <value>Conn_01x03</value>
      <footprint>Connector_PinHeader_2.54mm:PinHeader_1x03_P2.54mm_Vertical</footprint>
      <fields>
        <field name="Note">Ln_Act_Test</field>
      </fields>
      <libsource lib="Connector_Generic" part="Conn_01x03" description="Generic connector, single row, 01x03, script generated (kicad-library-utils/schlib/autogen/connector/)"/>
      <property name="Note" value="Ln_Act_Test"/>
      <property name="Sheetname" value=""/>
      <property name="Sheetfile" value="ready-to-serve-trash-bin.kicad_sch"/>
      <property name="ki_description" value="Generic connector, single row, 01x03, script generated (kicad-library-utils/schlib/autogen/connector/)"/>
      <property name="ki_keywords" value="connector"/>
      <sheetpath names="/" tstamps="/"/>
      <tstamps>45db736d-bae6-45d7-a16a-2f407e405217</tstamps>
    </comp>
    <comp ref="J6">
      <value>Conn_01x12</value>
      <footprint>Connector_PinHeader_2.54mm:PinHeader_1x12_P2.54mm_Vertical</footprint>
      <libsource lib="Connector_Generic" part="Conn_01x12" description="Generic connector, single row, 01x12, script generated (kicad-library-utils/schlib/autogen/connector/)"/>
      <property name="Sheetname" value=""/>
      <property name="Sheetfile" value="ready-to-serve-trash-bin.kicad_sch"/>
      <property name="ki_description" value="Generic connector, single row, 01x12, script generated (kicad-library-utils/schlib/autogen/connector/)"/>
      <property name="ki_keywords" value="connector"/>
      <sheetpath names="/" tstamps="/"/>
      <tstamps>2354b085-fedf-4605-8b7f-655f364780ed</tstamps>
    </comp>
    <comp ref="J7">
      <value>Conn_01x12</value>
      <footprint>Connector_PinHeader_2.54mm:PinHeader_1x12_P2.54mm_Vertical</footprint>
      <libsource lib="Connector_Generic" part="Conn_01x12" description="Generic connector, single row, 01x12, script generated (kicad-library-utils/schlib/autogen/connector/)"/>
      <property name="Sheetname" value=""/>
      <property name="Sheetfile" value="ready-to-serve-trash-bin.kicad_sch"/>
      <property name="ki_description" value="Generic connector, single row, 01x12, script generated (kicad-library-utils/schlib/autogen/connector/)"/>
      <property name="ki_keywords" value="connector"/>
      <sheetpath names="/" tstamps="/"/>
      <tstamps>d52a6463-d53d-4a8e-aaaa-adf549ca488c</tstamps>
    </comp>
    <comp ref="J8">
      <value>Conn_01x03</value>
      <footprint>Connector_PinHeader_2.54mm:PinHeader_1x03_P2.54mm_Vertical</footprint>
      <libsource lib="Connector_Generic" part="Conn_01x03" description="Generic connector, single row, 01x03, script generated (kicad-library-utils/schlib/autogen/connector/)"/>
      <property name="Sheetname" value=""/>
      <property name="Sheetfile" value="ready-to-serve-trash-bin.kicad_sch"/>
      <property name="ki_description" value="Generic connector, single row, 01x03, script generated (kicad-library-utils/schlib/autogen/connector/)"/>
      <property name="ki_keywords" value="connector"/>
      <sheetpath names="/" tstamps="/"/>
      <tstamps>69b91687-88cd-4f75-bcd4-05abc109e421</tstamps>
    </comp>
    <comp ref="J9">
      <value>Screw_Terminal_01x02</value>
      <footprint>TerminalBlock_Phoenix:TerminalBlock_Phoenix_MKDS-1,5-2-5.08_1x02_P5.08mm_Horizontal</footprint>
      <libsource lib="Connector" part="Screw_Terminal_01x02" description="Generic screw terminal, single row, 01x02, script generated (kicad-library-utils/schlib/autogen/connector/)"/>
      <property name="Sheetname" value=""/>
      <property name="Sheetfile" value="ready-to-serve-trash-bin.kicad_sch"/>
      <property name="ki_description" value="Generic screw terminal, single row, 01x02, script generated (kicad-library-utils/schlib/autogen/connector/)"/>
      <property name="ki_keywords" value="screw terminal"/>
      <sheetpath names="/" tstamps="/"/>
      <tstamps>0de1aed3-2976-417a-90aa-4d9dc3873afc</tstamps>
    </comp>
    <comp ref="J12">
      <value>Screw_Terminal_01x02</value>
      <footprint>TerminalBlock_Phoenix:TerminalBlock_Phoenix_MKDS-1,5-2-5.08_1x02_P5.08mm_Horizontal</footprint>
      <libsource lib="Connector" part="Screw_Terminal_01x02" description="Generic screw terminal, single row, 01x02, script generated (kicad-library-utils/schlib/autogen/connector/)"/>
      <property name="Sheetname" value=""/>
      <property name="Sheetfile" value="ready-to-serve-trash-bin.kicad_sch"/>
      <property name="ki_description" value="Generic screw terminal, single row, 01x02, script generated (kicad-library-utils/schlib/autogen/connector/)"/>
      <property name="ki_keywords" value="screw terminal"/>
      <sheetpath names="/" tstamps="/"/>
      <tstamps>06a4a1b3-eeaf-4715-9b80-e1ba6db8eef3</tstamps>
    </comp>
    <comp ref="J13">
      <value>Screw_Terminal_01x02</value>
      <footprint>TerminalBlock_Phoenix:TerminalBlock_Phoenix_MKDS-1,5-2-5.08_1x02_P5.08mm_Horizontal</footprint>
      <libsource lib="Connector" part="Screw_Terminal_01x02" description="Generic screw terminal, single row, 01x02, script generated (kicad-library-utils/schlib/autogen/connector/)"/>
      <property name="Sheetname" value=""/>
      <property name="Sheetfile" value="ready-to-serve-trash-bin.kicad_sch"/>
      <property name="ki_description" value="Generic screw terminal, single row, 01x02, script generated (kicad-library-utils/schlib/autogen/connector/)"/>
      <property name="ki_keywords" value="screw terminal"/>
      <sheetpath names="/" tstamps="/"/>
      <tstamps>13856f30-3f7c-4ced-a777-06e75014bd9b</tstamps>
    </comp>
    <comp ref="J14">
      <value>Screw_Terminal_01x02</value>
      <footprint>TerminalBlock_Phoenix:TerminalBlock_Phoenix_MKDS-1,5-2-5.08_1x02_P5.08mm_Horizontal</footprint>
      <libsource lib="Connector" part="Screw_Terminal_01x02" description="Generic screw terminal, single row, 01x02, script generated (kicad-library-utils/schlib/autogen/connector/)"/>
      <property name="Sheetname" value=""/>
      <property name="Sheetfile" value="ready-to-serve-trash-bin.kicad_sch"/>
      <property name="ki_description" value="Generic screw terminal, single row, 01x02, script generated (kicad-library-utils/schlib/autogen/connector/)"/>
      <property name="ki_keywords" value="screw terminal"/>
      <sheetpath names="/" tstamps="/"/>
      <tstamps>e85f9840-1832-40e1-a042-e5dcb2f3d1c8</tstamps>
    </comp>
    <comp ref="J15">
      <value>Screw_Terminal_01x02</value>
      <footprint>TerminalBlock_Phoenix:TerminalBlock_Phoenix_MKDS-1,5-2-5.08_1x02_P5.08mm_Horizontal</footprint>
      <libsource lib="Connector" part="Screw_Terminal_01x02" description="Generic screw terminal, single row, 01x02, script generated (kicad-library-utils/schlib/autogen/connector/)"/>
      <property name="Sheetname" value=""/>
      <property name="Sheetfile" value="ready-to-serve-trash-bin.kicad_sch"/>
      <property name="ki_description" value="Generic screw terminal, single row, 01x02, script generated (kicad-library-utils/schlib/autogen/connector/)"/>
      <property name="ki_keywords" value="screw terminal"/>
      <sheetpath names="/" tstamps="/"/>
      <tstamps>3acf4802-3a01-48d1-88ef-6e2acfc151f3</tstamps>
    </comp>
    <comp ref="JP2">
      <value>SolderJumper_2_Open</value>
      <footprint>Jumper:SolderJumper-2_P1.3mm_Open_TrianglePad1.0x1.5mm</footprint>
      <libsource lib="Jumper" part="SolderJumper_2_Open" description="Solder Jumper, 2-pole, open"/>
      <property name="Sheetname" value=""/>
      <property name="Sheetfile" value="ready-to-serve-trash-bin.kicad_sch"/>
      <property name="ki_description" value="Solder Jumper, 2-pole, open"/>
      <property name="ki_keywords" value="solder jumper SPST"/>
      <sheetpath names="/" tstamps="/"/>
      <tstamps>a5ade7dd-17c9-460a-8e57-953c6092be44</tstamps>
    </comp>
    <comp ref="JP3">
      <value>SolderJumper_2_Open</value>
      <footprint>Jumper:SolderJumper-2_P1.3mm_Open_TrianglePad1.0x1.5mm</footprint>
      <libsource lib="Jumper" part="SolderJumper_2_Open" description="Solder Jumper, 2-pole, open"/>
      <property name="Sheetname" value=""/>
      <property name="Sheetfile" value="ready-to-serve-trash-bin.kicad_sch"/>
      <property name="ki_description" value="Solder Jumper, 2-pole, open"/>
      <property name="ki_keywords" value="solder jumper SPST"/>
      <sheetpath names="/" tstamps="/"/>
      <tstamps>5fd2ff02-6464-46d4-a258-cb82d5b9e16a</tstamps>
    </comp>
    <comp ref="L1">
      <value>4.7uH</value>
      <footprint>Inductor_SMD:L_Vishay_IHLP-2525</footprint>
      <libsource lib="Device" part="L" description="Inductor"/>
      <property name="Sheetname" value=""/>
      <property name="Sheetfile" value="ready-to-serve-trash-bin.kicad_sch"/>
      <property name="ki_description" value="Inductor"/>
      <property name="ki_keywords" value="inductor choke coil reactor magnetic"/>
      <sheetpath names="/" tstamps="/"/>
      <tstamps>8a0fcfda-e74c-441e-9653-3c84c8e6cfdc</tstamps>
    </comp>
    <comp ref="Q1">
      <value>SS8050-G</value>
      <footprint>my_component:TRANS_SS8050-G</footprint>
      <fields>
        <field name="MANUFACTURER">Comchip</field>
        <field name="MAXIMUM_PACKAGE_HEIGHT">1.05 mm</field>
        <field name="PARTREV">A</field>
        <field name="STANDARD">Manufacturer Recommendations</field>
      </fields>
      <libsource lib="SS8050" part="SS8050-G" description=""/>
      <property name="PARTREV" value="A"/>
      <property name="STANDARD" value="Manufacturer Recommendations"/>
      <property name="MAXIMUM_PACKAGE_HEIGHT" value="1.05 mm"/>
      <property name="MANUFACTURER" value="Comchip"/>
      <property name="Sheetname" value=""/>
      <property name="Sheetfile" value="ready-to-serve-trash-bin.kicad_sch"/>
      <sheetpath names="/" tstamps="/"/>
      <tstamps>e9bdb974-f6dd-48fe-858e-44ed92b71636</tstamps>
    </comp>
    <comp ref="Q2">
      <value>SS8050-G</value>
      <footprint>my_component:TRANS_SS8050-G</footprint>
      <fields>
        <field name="MANUFACTURER">Comchip</field>
        <field name="MAXIMUM_PACKAGE_HEIGHT">1.05 mm</field>
        <field name="PARTREV">A</field>
        <field name="STANDARD">Manufacturer Recommendations</field>
      </fields>
      <libsource lib="SS8050" part="SS8050-G" description=""/>
      <property name="PARTREV" value="A"/>
      <property name="STANDARD" value="Manufacturer Recommendations"/>
      <property name="MAXIMUM_PACKAGE_HEIGHT" value="1.05 mm"/>
      <property name="MANUFACTURER" value="Comchip"/>
      <property name="Sheetname" value=""/>
      <property name="Sheetfile" value="ready-to-serve-trash-bin.kicad_sch"/>
      <sheetpath names="/" tstamps="/"/>
      <tstamps>7e628f0d-f04b-4641-ac1f-8df222640324</tstamps>
    </comp>
    <comp ref="R1">
      <value>10k</value>
      <footprint>Resistor_SMD:R_0805_2012Metric_Pad1.20x1.40mm_HandSolder</footprint>
      <libsource lib="Device" part="R" description="Resistor"/>
      <property name="Sheetname" value=""/>
      <property name="Sheetfile" value="ready-to-serve-trash-bin.kicad_sch"/>
      <property name="ki_description" value="Resistor"/>
      <property name="ki_keywords" value="R res resistor"/>
      <sheetpath names="/" tstamps="/"/>
      <tstamps>6c553ca6-e6fd-490d-8947-40205303ea7c</tstamps>
    </comp>
    <comp ref="R2">
      <value>10k</value>
      <footprint>Resistor_SMD:R_0805_2012Metric_Pad1.20x1.40mm_HandSolder</footprint>
      <libsource lib="Device" part="R" description="Resistor"/>
      <property name="Sheetname" value=""/>
      <property name="Sheetfile" value="ready-to-serve-trash-bin.kicad_sch"/>
      <property name="ki_description" value="Resistor"/>
      <property name="ki_keywords" value="R res resistor"/>
      <sheetpath names="/" tstamps="/"/>
      <tstamps>61a473e4-8428-42ed-87a2-8a15f76d01a0</tstamps>
    </comp>
    <comp ref="R3">
      <value>10k</value>
      <footprint>Resistor_SMD:R_0805_2012Metric_Pad1.20x1.40mm_HandSolder</footprint>
      <libsource lib="Device" part="R" description="Resistor"/>
      <property name="Sheetname" value=""/>
      <property name="Sheetfile" value="ready-to-serve-trash-bin.kicad_sch"/>
      <property name="ki_description" value="Resistor"/>
      <property name="ki_keywords" value="R res resistor"/>
      <sheetpath names="/" tstamps="/"/>
      <tstamps>79ae6453-d96a-4926-8726-5452817c862b</tstamps>
    </comp>
    <comp ref="R4">
      <value>10k</value>
      <footprint>Resistor_SMD:R_0805_2012Metric_Pad1.20x1.40mm_HandSolder</footprint>
      <libsource lib="Device" part="R" description="Resistor"/>
      <property name="Sheetname" value=""/>
      <property name="Sheetfile" value="ready-to-serve-trash-bin.kicad_sch"/>
      <property name="ki_description" value="Resistor"/>
      <property name="ki_keywords" value="R res resistor"/>
      <sheetpath names="/" tstamps="/"/>
      <tstamps>58d89cb4-e196-44c8-9fc3-f2c5306ecc53</tstamps>
    </comp>
    <comp ref="R5">
      <value>10k</value>
      <footprint>Resistor_SMD:R_0805_2012Metric_Pad1.20x1.40mm_HandSolder</footprint>
      <fields>
        <field name="Note">DNP</field>
      </fields>
      <libsource lib="Device" part="R" description="Resistor"/>
      <property name="Note" value="DNP"/>
      <property name="Sheetname" value=""/>
      <property name="Sheetfile" value="ready-to-serve-trash-bin.kicad_sch"/>
      <property name="ki_description" value="Resistor"/>
      <property name="ki_keywords" value="R res resistor"/>
      <sheetpath names="/" tstamps="/"/>
      <tstamps>1ee08d61-33b3-44e1-ad32-b24df6372448</tstamps>
    </comp>
    <comp ref="R6">
      <value>1k</value>
      <footprint>Resistor_SMD:R_0805_2012Metric_Pad1.20x1.40mm_HandSolder</footprint>
      <libsource lib="Device" part="R" description="Resistor"/>
      <property name="Sheetname" value=""/>
      <property name="Sheetfile" value="ready-to-serve-trash-bin.kicad_sch"/>
      <property name="ki_description" value="Resistor"/>
      <property name="ki_keywords" value="R res resistor"/>
      <sheetpath names="/" tstamps="/"/>
      <tstamps>326161de-ad1b-4e71-9f7a-455929367a13</tstamps>
    </comp>
    <comp ref="R7">
      <value>100k</value>
      <footprint>Resistor_SMD:R_0805_2012Metric_Pad1.20x1.40mm_HandSolder</footprint>
      <libsource lib="Device" part="R_Small" description="Resistor, small symbol"/>
      <property name="Sheetname" value=""/>
      <property name="Sheetfile" value="ready-to-serve-trash-bin.kicad_sch"/>
      <property name="ki_description" value="Resistor, small symbol"/>
      <property name="ki_keywords" value="R resistor"/>
      <sheetpath names="/" tstamps="/"/>
      <tstamps>2d76ca72-e313-4bcf-ba7a-6f3be17b659b</tstamps>
    </comp>
    <comp ref="R8">
      <value>100k</value>
      <footprint>Resistor_SMD:R_0805_2012Metric_Pad1.20x1.40mm_HandSolder</footprint>
      <libsource lib="Device" part="R_Small" description="Resistor, small symbol"/>
      <property name="Sheetname" value=""/>
      <property name="Sheetfile" value="ready-to-serve-trash-bin.kicad_sch"/>
      <property name="ki_description" value="Resistor, small symbol"/>
      <property name="ki_keywords" value="R resistor"/>
      <sheetpath names="/" tstamps="/"/>
      <tstamps>d1cde207-7fcb-41a4-8cd8-48d9eb0b548c</tstamps>
    </comp>
    <comp ref="R9">
      <value>10k</value>
      <footprint>Resistor_SMD:R_0805_2012Metric_Pad1.20x1.40mm_HandSolder</footprint>
      <libsource lib="Device" part="R" description="Resistor"/>
      <property name="Sheetname" value=""/>
      <property name="Sheetfile" value="ready-to-serve-trash-bin.kicad_sch"/>
      <property name="ki_description" value="Resistor"/>
      <property name="ki_keywords" value="R res resistor"/>
      <sheetpath names="/" tstamps="/"/>
      <tstamps>858e9312-ee4e-4218-972c-076d814e9a9e</tstamps>
    </comp>
    <comp ref="R10">
      <value>100k</value>
      <footprint>Resistor_SMD:R_0805_2012Metric_Pad1.20x1.40mm_HandSolder</footprint>
      <libsource lib="Device" part="R" description="Resistor"/>
      <property name="Sheetname" value=""/>
      <property name="Sheetfile" value="ready-to-serve-trash-bin.kicad_sch"/>
      <property name="ki_description" value="Resistor"/>
      <property name="ki_keywords" value="R res resistor"/>
      <sheetpath names="/" tstamps="/"/>
      <tstamps>01da2bab-5e58-4f02-811d-61c74fa4bc86</tstamps>
    </comp>
    <comp ref="R11">
      <value>10k</value>
      <footprint>Resistor_SMD:R_0805_2012Metric_Pad1.20x1.40mm_HandSolder</footprint>
      <libsource lib="Device" part="R" description="Resistor"/>
      <property name="Sheetname" value=""/>
      <property name="Sheetfile" value="ready-to-serve-trash-bin.kicad_sch"/>
      <property name="ki_description" value="Resistor"/>
      <property name="ki_keywords" value="R res resistor"/>
      <sheetpath names="/" tstamps="/"/>
      <tstamps>8b249fcb-f98d-411d-add6-d83540cd82f2</tstamps>
    </comp>
    <comp ref="R12">
      <value>1k</value>
      <footprint>Resistor_SMD:R_0805_2012Metric_Pad1.20x1.40mm_HandSolder</footprint>
      <libsource lib="Device" part="R" description="Resistor"/>
      <property name="Sheetname" value=""/>
      <property name="Sheetfile" value="ready-to-serve-trash-bin.kicad_sch"/>
      <property name="ki_description" value="Resistor"/>
      <property name="ki_keywords" value="R res resistor"/>
      <sheetpath names="/" tstamps="/"/>
      <tstamps>cf70c339-4a73-48a3-84f0-675027e4eeaf</tstamps>
    </comp>
    <comp ref="R13">
      <value>5.1k</value>
      <footprint>Resistor_SMD:R_0805_2012Metric_Pad1.20x1.40mm_HandSolder</footprint>
      <libsource lib="Device" part="R" description="Resistor"/>
      <property name="Sheetname" value=""/>
      <property name="Sheetfile" value="ready-to-serve-trash-bin.kicad_sch"/>
      <property name="ki_description" value="Resistor"/>
      <property name="ki_keywords" value="R res resistor"/>
      <sheetpath names="/" tstamps="/"/>
      <tstamps>46956d31-63f3-405c-9368-9d69b06cb92e</tstamps>
    </comp>
    <comp ref="R14">
      <value>100k</value>
      <footprint>Resistor_SMD:R_0805_2012Metric_Pad1.20x1.40mm_HandSolder</footprint>
      <libsource lib="Device" part="R" description="Resistor"/>
      <property name="Sheetname" value=""/>
      <property name="Sheetfile" value="ready-to-serve-trash-bin.kicad_sch"/>
      <property name="ki_description" value="Resistor"/>
      <property name="ki_keywords" value="R res resistor"/>
      <sheetpath names="/" tstamps="/"/>
      <tstamps>09e55221-2473-40e2-938b-7caea64a5ec6</tstamps>
    </comp>
    <comp ref="SW1">
      <value>SW_Push</value>
      <footprint>Button_Switch_SMD:SW_Push_1P1T_NO_CK_KMR2</footprint>
      <libsource lib="Switch" part="SW_Push" description="Push button switch, generic, two pins"/>
      <property name="Sheetname" value=""/>
      <property name="Sheetfile" value="ready-to-serve-trash-bin.kicad_sch"/>
      <property name="ki_description" value="Push button switch, generic, two pins"/>
      <property name="ki_keywords" value="switch normally-open pushbutton push-button"/>
      <sheetpath names="/" tstamps="/"/>
      <tstamps>fe63ccf9-d9cd-4e26-a0c6-d93966a0bdf8</tstamps>
    </comp>
    <comp ref="SW2">
      <value>SW_Push</value>
      <footprint>Button_Switch_SMD:SW_Push_1P1T_NO_CK_KMR2</footprint>
      <libsource lib="Switch" part="SW_Push" description="Push button switch, generic, two pins"/>
      <property name="Sheetname" value=""/>
      <property name="Sheetfile" value="ready-to-serve-trash-bin.kicad_sch"/>
      <property name="ki_description" value="Push button switch, generic, two pins"/>
      <property name="ki_keywords" value="switch normally-open pushbutton push-button"/>
      <sheetpath names="/" tstamps="/"/>
      <tstamps>a6a6bd01-acc8-48d4-b615-6ac67a99639e</tstamps>
    </comp>
    <comp ref="TP1">
      <value>TestPoint</value>
      <footprint>TestPoint:TestPoint_Keystone_5010-5014_Multipurpose</footprint>
      <libsource lib="Connector" part="TestPoint" description="test point"/>
      <property name="Sheetname" value=""/>
      <property name="Sheetfile" value="ready-to-serve-trash-bin.kicad_sch"/>
      <property name="ki_description" value="test point"/>
      <property name="ki_keywords" value="test point tp"/>
      <sheetpath names="/" tstamps="/"/>
      <tstamps>e918788c-29f1-4540-8771-9d91dce1621d</tstamps>
    </comp>
    <comp ref="TP2">
      <value>TestPoint</value>
      <footprint>TestPoint:TestPoint_Keystone_5010-5014_Multipurpose</footprint>
      <libsource lib="Connector" part="TestPoint" description="test point"/>
      <property name="Sheetname" value=""/>
      <property name="Sheetfile" value="ready-to-serve-trash-bin.kicad_sch"/>
      <property name="ki_description" value="test point"/>
      <property name="ki_keywords" value="test point tp"/>
      <sheetpath names="/" tstamps="/"/>
      <tstamps>80b3df5e-3452-418a-8803-1e04d314f5f8</tstamps>
    </comp>
    <comp ref="TP3">
      <value>TestPoint</value>
      <footprint>TestPoint:TestPoint_Keystone_5010-5014_Multipurpose</footprint>
      <libsource lib="Connector" part="TestPoint" description="test point"/>
      <property name="Sheetname" value=""/>
      <property name="Sheetfile" value="ready-to-serve-trash-bin.kicad_sch"/>
      <property name="ki_description" value="test point"/>
      <property name="ki_keywords" value="test point tp"/>
      <sheetpath names="/" tstamps="/"/>
      <tstamps>40def932-893b-4d53-9e21-c39a8306e4ef</tstamps>
    </comp>
    <comp ref="U1">
      <value>ESP32-S3-WROOM-1</value>
      <footprint>PCM_Espressif:ESP32-S3-WROOM-1</footprint>
      <datasheet>https://www.espressif.com/sites/default/files/documentation/esp32-s3-wroom-1_wroom-1u_datasheet_en.pdf</datasheet>
      <libsource lib="PCM_Espressif" part="ESP32-S3-WROOM-1" description="2.4 GHz WiFi (802.11 b/g/n) and Bluetooth ® 5 (LE) module Built around ESP32S3 series of SoCs, Xtensa ® dualcore 32bit LX7 microprocessor Flash up to 16 MB, PSRAM up to 8 MB 36 GPIOs, rich set of peripherals Onboard PCB antenna"/>
      <property name="Sheetname" value=""/>
      <property name="Sheetfile" value="ready-to-serve-trash-bin.kicad_sch"/>
      <property name="ki_description" value="2.4 GHz WiFi (802.11 b/g/n) and Bluetooth ® 5 (LE) module Built around ESP32S3 series of SoCs, Xtensa ® dualcore 32bit LX7 microprocessor Flash up to 16 MB, PSRAM up to 8 MB 36 GPIOs, rich set of peripherals Onboard PCB antenna"/>
      <sheetpath names="/" tstamps="/"/>
      <tstamps>fcead9d4-ee61-4ded-a7f5-2025cc036301</tstamps>
    </comp>
    <comp ref="U2">
      <value>L298N</value>
      <footprint>my_component:TO127P2020X500X2100-15</footprint>
      <datasheet>http://www.st.com/st-web-ui/static/active/en/resource/technical/document/datasheet/CD00000240.pdf</datasheet>
      <libsource lib="Driver_Motor" part="L298N" description="Dual full bridge motor driver, up to 46V, 4A, Multiwatt15-V"/>
      <property name="Sheetname" value=""/>
      <property name="Sheetfile" value="ready-to-serve-trash-bin.kicad_sch"/>
      <property name="ki_description" value="Dual full bridge motor driver, up to 46V, 4A, Multiwatt15-V"/>
      <property name="ki_keywords" value="H-bridge motor driver"/>
      <sheetpath names="/" tstamps="/"/>
      <tstamps>fba39ce4-e415-4477-8f6f-d6414b9ceb9f</tstamps>
    </comp>
    <comp ref="U3">
      <value>L298N</value>
      <footprint>my_component:TO127P2020X500X2100-15</footprint>
      <datasheet>http://www.st.com/st-web-ui/static/active/en/resource/technical/document/datasheet/CD00000240.pdf</datasheet>
      <libsource lib="Driver_Motor" part="L298N" description="Dual full bridge motor driver, up to 46V, 4A, Multiwatt15-V"/>
      <property name="Sheetname" value=""/>
      <property name="Sheetfile" value="ready-to-serve-trash-bin.kicad_sch"/>
      <property name="ki_description" value="Dual full bridge motor driver, up to 46V, 4A, Multiwatt15-V"/>
      <property name="ki_keywords" value="H-bridge motor driver"/>
      <sheetpath names="/" tstamps="/"/>
      <tstamps>b832a2a0-dd54-4bd6-8ce3-7cf036b62dd5</tstamps>
    </comp>
    <comp ref="U5">
      <value>TPS562201DDCR</value>
      <footprint>my_component:SOT95P280X110-6N</footprint>
      <fields>
        <field name="MANUFACTURER">Texas Instruments</field>
        <field name="MAXIMUM_PACKAGE_HEIGHT">1.10 mm</field>
        <field name="PARTREV">A</field>
        <field name="STANDARD">IPC-7351B</field>
      </fields>
      <libsource lib="TPS562201" part="TPS562201DDCR" description=""/>
      <property name="PARTREV" value="A"/>
      <property name="STANDARD" value="IPC-7351B"/>
      <property name="MAXIMUM_PACKAGE_HEIGHT" value="1.10 mm"/>
      <property name="MANUFACTURER" value="Texas Instruments"/>
      <property name="Sheetname" value=""/>
      <property name="Sheetfile" value="ready-to-serve-trash-bin.kicad_sch"/>
      <sheetpath names="/" tstamps="/"/>
      <tstamps>874f56a9-c940-494a-88cc-d7c9f7b8de82</tstamps>
    </comp>
    <comp ref="U6">
      <value>TLV1117LV33DCYR</value>
      <footprint>my_component:VREG_TLV1117LV33DCYR</footprint>
      <fields>
        <field name="MANUFACTURER">Texas Instruments</field>
        <field name="MAXIMUM_PACKAGE_HEIGHT">1.80 mm</field>
        <field name="PARTREV">B</field>
        <field name="STANDARD">IPC-7351B</field>
      </fields>
      <libsource lib="TLV1117LV33DCYR" part="TLV1117LV33DCYR" description=""/>
      <property name="PARTREV" value="B"/>
      <property name="STANDARD" value="IPC-7351B"/>
      <property name="MAXIMUM_PACKAGE_HEIGHT" value="1.80 mm"/>
      <property name="MANUFACTURER" value="Texas Instruments"/>
      <property name="Sheetname" value=""/>
      <property name="Sheetfile" value="ready-to-serve-trash-bin.kicad_sch"/>
      <sheetpath names="/" tstamps="/"/>
      <tstamps>4cf07ab0-4146-46f2-85b1-314621340319</tstamps>
    </comp>
  </components>
  <libparts>
    <libpart lib="Connector" part="Conn_01x05_Socket">
      <description>Generic connector, single row, 01x05, script generated</description>
      <docs>~</docs>
      <footprints>
        <fp>Connector*:*_1x??_*</fp>
      </footprints>
      <fields>
        <field name="Reference">J</field>
        <field name="Value">Conn_01x05_Socket</field>
        <field name="Datasheet">~</field>
      </fields>
      <pins>
        <pin num="1" name="Pin_1" type="passive"/>
        <pin num="2" name="Pin_2" type="passive"/>
        <pin num="3" name="Pin_3" type="passive"/>
        <pin num="4" name="Pin_4" type="passive"/>
        <pin num="5" name="Pin_5" type="passive"/>
      </pins>
    </libpart>
    <libpart lib="Connector" part="Screw_Terminal_01x02">
      <description>Generic screw terminal, single row, 01x02, script generated (kicad-library-utils/schlib/autogen/connector/)</description>
      <docs>~</docs>
      <footprints>
        <fp>TerminalBlock*:*</fp>
      </footprints>
      <fields>
        <field name="Reference">J</field>
        <field name="Value">Screw_Terminal_01x02</field>
        <field name="Datasheet">~</field>
      </fields>
      <pins>
        <pin num="1" name="Pin_1" type="passive"/>
        <pin num="2" name="Pin_2" type="passive"/>
      </pins>
    </libpart>
    <libpart lib="Connector" part="TestPoint">
      <description>test point</description>
      <docs>~</docs>
      <footprints>
        <fp>Pin*</fp>
        <fp>Test*</fp>
      </footprints>
      <fields>
        <field name="Reference">TP</field>
        <field name="Value">TestPoint</field>
        <field name="Datasheet">~</field>
      </fields>
      <pins>
        <pin num="1" name="1" type="passive"/>
      </pins>
    </libpart>
    <libpart lib="Connector" part="USB_B_Micro">
      <description>USB Micro Type B connector</description>
      <docs>~</docs>
      <footprints>
        <fp>USB*</fp>
      </footprints>
      <fields>
        <field name="Reference">J</field>
        <field name="Value">USB_B_Micro</field>
        <field name="Datasheet">~</field>
      </fields>
      <pins>
        <pin num="1" name="VBUS" type="power_out"/>
        <pin num="2" name="D-" type="bidirectional"/>
        <pin num="3" name="D+" type="bidirectional"/>
        <pin num="4" name="ID" type="passive"/>
        <pin num="5" name="GND" type="power_out"/>
        <pin num="6" name="Shield" type="passive"/>
      </pins>
    </libpart>
    <libpart lib="Connector_Generic" part="Conn_01x03">
      <description>Generic connector, single row, 01x03, script generated (kicad-library-utils/schlib/autogen/connector/)</description>
      <docs>~</docs>
      <footprints>
        <fp>Connector*:*_1x??_*</fp>
      </footprints>
      <fields>
        <field name="Reference">J</field>
        <field name="Value">Conn_01x03</field>
        <field name="Datasheet">~</field>
      </fields>
      <pins>
        <pin num="1" name="Pin_1" type="passive"/>
        <pin num="2" name="Pin_2" type="passive"/>
        <pin num="3" name="Pin_3" type="passive"/>
      </pins>
    </libpart>
    <libpart lib="Connector_Generic" part="Conn_01x05">
      <description>Generic connector, single row, 01x05, script generated (kicad-library-utils/schlib/autogen/connector/)</description>
      <docs>~</docs>
      <footprints>
        <fp>Connector*:*_1x??_*</fp>
      </footprints>
      <fields>
        <field name="Reference">J</field>
        <field name="Value">Conn_01x05</field>
        <field name="Datasheet">~</field>
      </fields>
      <pins>
        <pin num="1" name="Pin_1" type="passive"/>
        <pin num="2" name="Pin_2" type="passive"/>
        <pin num="3" name="Pin_3" type="passive"/>
        <pin num="4" name="Pin_4" type="passive"/>
        <pin num="5" name="Pin_5" type="passive"/>
      </pins>
    </libpart>
    <libpart lib="Connector_Generic" part="Conn_01x12">
      <description>Generic connector, single row, 01x12, script generated (kicad-library-utils/schlib/autogen/connector/)</description>
      <docs>~</docs>
      <footprints>
        <fp>Connector*:*_1x??_*</fp>
      </footprints>
      <fields>
        <field name="Reference">J</field>
        <field name="Value">Conn_01x12</field>
        <field name="Datasheet">~</field>
      </fields>
      <pins>
        <pin num="1" name="Pin_1" type="passive"/>
        <pin num="2" name="Pin_2" type="passive"/>
        <pin num="3" name="Pin_3" type="passive"/>
        <pin num="4" name="Pin_4" type="passive"/>
        <pin num="5" name="Pin_5" type="passive"/>
        <pin num="6" name="Pin_6" type="passive"/>
        <pin num="7" name="Pin_7" type="passive"/>
        <pin num="8" name="Pin_8" type="passive"/>
        <pin num="9" name="Pin_9" type="passive"/>
        <pin num="10" name="Pin_10" type="passive"/>
        <pin num="11" name="Pin_11" type="passive"/>
        <pin num="12" name="Pin_12" type="passive"/>
      </pins>
    </libpart>
    <libpart lib="Device" part="C">
      <description>Unpolarized capacitor</description>
      <docs>~</docs>
      <footprints>
        <fp>C_*</fp>
      </footprints>
      <fields>
        <field name="Reference">C</field>
        <field name="Value">C</field>
        <field name="Datasheet">~</field>
      </fields>
      <pins>
        <pin num="1" name="" type="passive"/>
        <pin num="2" name="" type="passive"/>
      </pins>
    </libpart>
    <libpart lib="Device" part="C_Polarized">
      <description>Polarized capacitor</description>
      <docs>~</docs>
      <footprints>
        <fp>CP_*</fp>
      </footprints>
      <fields>
        <field name="Reference">C</field>
        <field name="Value">C_Polarized</field>
        <field name="Datasheet">~</field>
      </fields>
      <pins>
        <pin num="1" name="" type="passive"/>
        <pin num="2" name="" type="passive"/>
      </pins>
    </libpart>
    <libpart lib="Device" part="C_Small">
      <description>Unpolarized capacitor, small symbol</description>
      <docs>~</docs>
      <footprints>
        <fp>C_*</fp>
      </footprints>
      <fields>
        <field name="Reference">C</field>
        <field name="Value">C_Small</field>
        <field name="Datasheet">~</field>
      </fields>
      <pins>
        <pin num="1" name="" type="passive"/>
        <pin num="2" name="" type="passive"/>
      </pins>
    </libpart>
    <libpart lib="Device" part="D_Schottky">
      <description>Schottky diode</description>
      <docs>~</docs>
      <footprints>
        <fp>TO-???*</fp>
        <fp>*_Diode_*</fp>
        <fp>*SingleDiode*</fp>
        <fp>D_*</fp>
      </footprints>
      <fields>
        <field name="Reference">D</field>
        <field name="Value">D_Schottky</field>
        <field name="Datasheet">~</field>
      </fields>
      <pins>
        <pin num="1" name="K" type="passive"/>
        <pin num="2" name="A" type="passive"/>
      </pins>
    </libpart>
    <libpart lib="Device" part="L">
      <description>Inductor</description>
      <docs>~</docs>
      <footprints>
        <fp>Choke_*</fp>
        <fp>*Coil*</fp>
        <fp>Inductor_*</fp>
        <fp>L_*</fp>
      </footprints>
      <fields>
        <field name="Reference">L</field>
        <field name="Value">L</field>
        <field name="Datasheet">~</field>
      </fields>
      <pins>
        <pin num="1" name="1" type="passive"/>
        <pin num="2" name="2" type="passive"/>
      </pins>
    </libpart>
    <libpart lib="Device" part="LED">
      <description>Light emitting diode</description>
      <docs>~</docs>
      <footprints>
        <fp>LED*</fp>
        <fp>LED_SMD:*</fp>
        <fp>LED_THT:*</fp>
      </footprints>
      <fields>
        <field name="Reference">D</field>
        <field name="Value">LED</field>
        <field name="Datasheet">~</field>
      </fields>
      <pins>
        <pin num="1" name="K" type="passive"/>
        <pin num="2" name="A" type="passive"/>
      </pins>
    </libpart>
    <libpart lib="Device" part="R">
      <description>Resistor</description>
      <docs>~</docs>
      <footprints>
        <fp>R_*</fp>
      </footprints>
      <fields>
        <field name="Reference">R</field>
        <field name="Value">R</field>
        <field name="Datasheet">~</field>
      </fields>
      <pins>
        <pin num="1" name="" type="passive"/>
        <pin num="2" name="" type="passive"/>
      </pins>
    </libpart>
    <libpart lib="Device" part="R_Small">
      <description>Resistor, small symbol</description>
      <docs>~</docs>
      <footprints>
        <fp>R_*</fp>
      </footprints>
      <fields>
        <field name="Reference">R</field>
        <field name="Value">R_Small</field>
        <field name="Datasheet">~</field>
      </fields>
      <pins>
        <pin num="1" name="" type="passive"/>
        <pin num="2" name="" type="passive"/>
      </pins>
    </libpart>
    <libpart lib="Diode" part="BAT54S">
      <description>Vr 30V, If 200mA, Dual schottky barrier diode, in series, SOT-323</description>
      <docs>https://www.diodes.com/assets/Datasheets/ds11005.pdf</docs>
      <footprints>
        <fp>SOT?23*</fp>
      </footprints>
      <fields>
        <field name="Reference">D</field>
        <field name="Value">BAT54S</field>
        <field name="Footprint">Package_TO_SOT_SMD:SOT-23</field>
        <field name="Datasheet">https://www.diodes.com/assets/Datasheets/ds11005.pdf</field>
      </fields>
      <pins>
        <pin num="1" name="A" type="passive"/>
        <pin num="2" name="K" type="passive"/>
        <pin num="3" name="COM" type="passive"/>
      </pins>
    </libpart>
    <libpart lib="Driver_Motor" part="L298N">
      <description>Dual full bridge motor driver, up to 46V, 4A, Multiwatt15-V</description>
      <docs>http://www.st.com/st-web-ui/static/active/en/resource/technical/document/datasheet/CD00000240.pdf</docs>
      <footprints>
        <fp>TO?220*StaggerOdd*Vertical*</fp>
      </footprints>
      <fields>
        <field name="Reference">U</field>
        <field name="Value">L298N</field>
        <field name="Footprint">Package_TO_SOT_THT:TO-220-15_P2.54x2.54mm_StaggerOdd_Lead4.58mm_Vertical</field>
        <field name="Datasheet">http://www.st.com/st-web-ui/static/active/en/resource/technical/document/datasheet/CD00000240.pdf</field>
      </fields>
      <pins>
        <pin num="1" name="SENSE_A" type="power_in"/>
        <pin num="2" name="OUT1" type="output"/>
        <pin num="3" name="OUT2" type="output"/>
        <pin num="4" name="Vs" type="power_in"/>
        <pin num="5" name="IN1" type="input"/>
        <pin num="6" name="EnA" type="input"/>
        <pin num="7" name="IN2" type="input"/>
        <pin num="8" name="GND" type="power_in"/>
        <pin num="9" name="Vss" type="power_in"/>
        <pin num="10" name="IN3" type="input"/>
        <pin num="11" name="EnB" type="input"/>
        <pin num="12" name="IN4" type="input"/>
        <pin num="13" name="OUT3" type="output"/>
        <pin num="14" name="OUT4" type="output"/>
        <pin num="15" name="SENSE_B" type="power_in"/>
      </pins>
    </libpart>
    <libpart lib="Jumper" part="SolderJumper_2_Open">
      <description>Solder Jumper, 2-pole, open</description>
      <docs>~</docs>
      <footprints>
        <fp>SolderJumper*Open*</fp>
      </footprints>
      <fields>
        <field name="Reference">JP</field>
        <field name="Value">SolderJumper_2_Open</field>
        <field name="Datasheet">~</field>
      </fields>
      <pins>
        <pin num="1" name="A" type="passive"/>
        <pin num="2" name="B" type="passive"/>
      </pins>
    </libpart>
    <libpart lib="Mechanical" part="MountingHole">
      <description>Mounting Hole without connection</description>
      <docs>~</docs>
      <footprints>
        <fp>MountingHole*</fp>
      </footprints>
      <fields>
        <field name="Reference">H</field>
        <field name="Value">MountingHole</field>
        <field name="Datasheet">~</field>
      </fields>
    </libpart>
    <libpart lib="PCM_Espressif" part="ESP32-S3-WROOM-1">
      <description>2.4 GHz WiFi (802.11 b/g/n) and Bluetooth ® 5 (LE) module Built around ESP32S3 series of SoCs, Xtensa ® dualcore 32bit LX7 microprocessor Flash up to 16 MB, PSRAM up to 8 MB 36 GPIOs, rich set of peripherals Onboard PCB antenna</description>
      <docs>https://www.espressif.com/sites/default/files/documentation/esp32-s3-wroom-1_wroom-1u_datasheet_en.pdf</docs>
      <fields>
        <field name="Reference">U</field>
        <field name="Value">ESP32-S3-WROOM-1</field>
        <field name="Footprint">PCM_Espressif:ESP32-S3-WROOM-1</field>
        <field name="Datasheet">https://www.espressif.com/sites/default/files/documentation/esp32-s3-wroom-1_wroom-1u_datasheet_en.pdf</field>
      </fields>
      <pins>
        <pin num="1" name="GND" type="power_in"/>
        <pin num="2" name="3V3" type="power_in"/>
        <pin num="3" name="EN" type="input"/>
        <pin num="4" name="GPIO4/TOUCH4/ADC1_CH3" type="bidirectional"/>
        <pin num="5" name="GPIO5/TOUCH5/ADC1_CH4" type="bidirectional"/>
        <pin num="6" name="GPIO6/TOUCH6/ADC1_CH5" type="bidirectional"/>
        <pin num="7" name="GPIO7/TOUCH7/ADC1_CH6" type="bidirectional"/>
        <pin num="8" name="GPIO15/U0RTS/ADC2_CH4/XTAL_32K_P" type="bidirectional"/>
        <pin num="9" name="GPIO16/U0CTS/ADC2_CH5/XTAL_32K_N" type="bidirectional"/>
        <pin num="10" name="GPIO17/U1TXD/ADC2_CH6" type="bidirectional"/>
        <pin num="11" name="GPIO18/U1RXD/ADC2_CH7/CLK_OUT3" type="bidirectional"/>
        <pin num="12" name="GPIO8/TOUCH8/ADC1_CH7/SUBSPICS1" type="bidirectional"/>
        <pin num="13" name="GPIO19/U1RTS/ADC2_CH8/CLK_OUT2/USB_D-" type="bidirectional"/>
        <pin num="14" name="GPIO20/U1CTS/ADC2_CH9/CLK_OUT1/USB_D+" type="bidirectional"/>
        <pin num="15" name="GPIO3/TOUCH3/ADC1_CH2" type="bidirectional"/>
        <pin num="16" name="GPIO46" type="bidirectional"/>
        <pin num="17" name="GPIO9/TOUCH9/ADC1_CH8/FSPIHD/SUBSPIHD" type="bidirectional"/>
        <pin num="18" name="GPIO10/TOUCH10/ADC1_CH9/FSPICS0/FSPIIO4/SUBSPICS0" type="bidirectional"/>
        <pin num="19" name="GPIO11/TOUCH11/ADC2_CH0/FSPID/FSPIIO5/SUBSPID" type="bidirectional"/>
        <pin num="20" name="GPIO12/TOUCH12/ADC2_CH1/FSPICLK/FSPIIO6/SUBSPICLK" type="bidirectional"/>
        <pin num="21" name="GPIO13/TOUCH13/ADC2_CH2/FSPIQ/FSPIIO7/SUBSPIQ" type="bidirectional"/>
        <pin num="22" name="GPIO14/TOUCH14/ADC2_CH3/FSPIWP/FSPIDQS/SUBSPIWP" type="bidirectional"/>
        <pin num="23" name="GPIO21" type="bidirectional"/>
        <pin num="24" name="GPIO47/SPICLK_P/SUBSPICLK_P_DIFF" type="bidirectional"/>
        <pin num="25" name="GPIO48/SPICLK_N/SUBSPICLK_N_DIFF" type="bidirectional"/>
        <pin num="26" name="GPIO45" type="bidirectional"/>
        <pin num="27" name="GPIO0/BOOT" type="bidirectional"/>
        <pin num="28" name="SPIIO6/GPIO35/FSPID/SUBSPID" type="bidirectional"/>
        <pin num="29" name="SPIIO7/GPIO36/FSPICLK/SUBSPICLK" type="bidirectional"/>
        <pin num="30" name="SPIDQS/GPIO37/FSPIQ/SUBSPIQ" type="bidirectional"/>
        <pin num="31" name="GPIO38/FSPIWP/SUBSPIWP" type="bidirectional"/>
        <pin num="32" name="MTCK/GPIO39/CLK_OUT3/SUBSPICS1" type="bidirectional"/>
        <pin num="33" name="MTDO/GPIO40/CLK_OUT2" type="bidirectional"/>
        <pin num="34" name="MTDI/GPIO41/CLK_OUT1" type="bidirectional"/>
        <pin num="35" name="MTMS/GPIO42" type="bidirectional"/>
        <pin num="36" name="U0RXD/GPIO44/CLK_OUT2" type="bidirectional"/>
        <pin num="37" name="U0TXD/GPIO43/CLK_OUT1" type="bidirectional"/>
        <pin num="38" name="GPIO2/TOUCH2/ADC1_CH1" type="bidirectional"/>
        <pin num="39" name="GPIO1/TOUCH1/ADC1_CH0" type="bidirectional"/>
        <pin num="40" name="GND" type="passive"/>
        <pin num="41" name="GND" type="passive"/>
      </pins>
    </libpart>
    <libpart lib="SP0503BAHTG" part="SP0503BAHTG">
      <fields>
        <field name="Reference">D</field>
        <field name="Value">SP0503BAHTG</field>
        <field name="Footprint">SP0503BAHTG:SOT143</field>
        <field name="MF">Littelfuse</field>
        <field name="DESCRIPTION">ESD Suppressor TVS Uni-Dir 5.5V 4-Pin SOT-143 T/R</field>
        <field name="PACKAGE">None</field>
        <field name="PRICE">None</field>
        <field name="MP">SP0503BAHTG</field>
        <field name="AVAILABILITY">In Stock</field>
        <field name="PURCHASE-URL">https://pricing.snapeda.com/search/part/SP0503BAHTG/?ref=eda</field>
      </fields>
      <pins>
        <pin num="1" name="" type="passive"/>
        <pin num="2" name="" type="passive"/>
        <pin num="3" name="" type="passive"/>
        <pin num="4" name="" type="passive"/>
      </pins>
    </libpart>
    <libpart lib="SS8050" part="SS8050-G">
      <fields>
        <field name="Reference">Q</field>
        <field name="Value">SS8050-G</field>
        <field name="Footprint">SS8050-G:TRANS_SS8050-G</field>
        <field name="PARTREV">A</field>
        <field name="STANDARD">Manufacturer Recommendations</field>
        <field name="MAXIMUM_PACKAGE_HEIGHT">1.05 mm</field>
        <field name="MANUFACTURER">Comchip</field>
      </fields>
      <pins>
        <pin num="1" name="" type="passive"/>
        <pin num="2" name="" type="passive"/>
        <pin num="3" name="" type="passive"/>
      </pins>
    </libpart>
    <libpart lib="Switch" part="SW_Push">
      <description>Push button switch, generic, two pins</description>
      <docs>~</docs>
      <fields>
        <field name="Reference">SW</field>
        <field name="Value">SW_Push</field>
        <field name="Datasheet">~</field>
      </fields>
      <pins>
        <pin num="1" name="1" type="passive"/>
        <pin num="2" name="2" type="passive"/>
      </pins>
    </libpart>
    <libpart lib="TLV1117LV33DCYR" part="TLV1117LV33DCYR">
      <fields>
        <field name="Reference">U</field>
        <field name="Value">TLV1117LV33DCYR</field>
        <field name="Footprint">TLV1117LV33DCYR:VREG_TLV1117LV33DCYR</field>
        <field name="PARTREV">B</field>
        <field name="STANDARD">IPC-7351B</field>
        <field name="MAXIMUM_PACKAGE_HEIGHT">1.80 mm</field>
        <field name="MANUFACTURER">Texas Instruments</field>
      </fields>
      <pins>
        <pin num="1" name="GND" type="power_in"/>
        <pin num="2" name="OUT_2" type="output"/>
        <pin num="3" name="IN" type="input"/>
        <pin num="4" name="OUT_4" type="output"/>
      </pins>
    </libpart>
    <libpart lib="TPS562201" part="TPS562201DDCR">
      <fields>
        <field name="Reference">U</field>
        <field name="Value">TPS562201DDCR</field>
        <field name="Footprint">TPS562201DDCR:SOT95P280X110-6N</field>
        <field name="PARTREV">A</field>
        <field name="STANDARD">IPC-7351B</field>
        <field name="MAXIMUM_PACKAGE_HEIGHT">1.10 mm</field>
        <field name="MANUFACTURER">Texas Instruments</field>
      </fields>
      <pins>
        <pin num="1" name="GND" type="power_in"/>
        <pin num="2" name="SW" type="bidirectional"/>
        <pin num="3" name="VIN" type="power_in"/>
        <pin num="4" name="VFB" type="input"/>
        <pin num="5" name="EN" type="input"/>
        <pin num="6" name="VBST" type="input"/>
      </pins>
    </libpart>
  </libparts>
  <libraries>
    <library logical="Connector">
      <uri>C:\Users\Joshua\AppData\Local\Programs\KiCad\7.0\share\kicad\symbols\/Connector.kicad_sym</uri>
    </library>
    <library logical="Connector_Generic">
      <uri>C:\Users\Joshua\AppData\Local\Programs\KiCad\7.0\share\kicad\symbols\/Connector_Generic.kicad_sym</uri>
    </library>
    <library logical="Device">
      <uri>C:\Users\Joshua\AppData\Local\Programs\KiCad\7.0\share\kicad\symbols\/Device.kicad_sym</uri>
    </library>
    <library logical="Diode">
      <uri>C:\Users\Joshua\AppData\Local\Programs\KiCad\7.0\share\kicad\symbols\/Diode.kicad_sym</uri>
    </library>
    <library logical="Driver_Motor">
      <uri>C:\Users\Joshua\AppData\Local\Programs\KiCad\7.0\share\kicad\symbols\/Driver_Motor.kicad_sym</uri>
    </library>
    <library logical="Jumper">
      <uri>C:\Users\Joshua\AppData\Local\Programs\KiCad\7.0\share\kicad\symbols\/Jumper.kicad_sym</uri>
    </library>
    <library logical="Mechanical">
      <uri>C:\Users\Joshua\AppData\Local\Programs\KiCad\7.0\share\kicad\symbols\/Mechanical.kicad_sym</uri>
    </library>
    <library logical="Switch">
      <uri>C:\Users\Joshua\AppData\Local\Programs\KiCad\7.0\share\kicad\symbols\/Switch.kicad_sym</uri>
    </library>
    <library logical="TLV1117LV33DCYR">
      <uri>C:\Users\Joshua\Downloads\ready-to-serve-trash-bin(1)\ready-to-serve-trash-bin/symbols/TLV1117LV33DCYR.kicad_sym</uri>
    </library>
  </libraries>
  <nets>
    <net code="1" name="+3.3V">
      <node ref="C1" pin="1" pintype="passive"/>
      <node ref="C2" pin="1" pintype="passive"/>
      <node ref="C8" pin="1" pintype="passive"/>
      <node ref="J6" pin="1" pinfunction="Pin_1" pintype="passive"/>
      <node ref="J6" pin="2" pinfunction="Pin_2" pintype="passive"/>
      <node ref="J8" pin="1" pinfunction="Pin_1" pintype="passive"/>
      <node ref="JP2" pin="2" pinfunction="B" pintype="passive"/>
      <node ref="R5" pin="1" pintype="passive"/>
      <node ref="R7" pin="1" pintype="passive"/>
      <node ref="R8" pin="1" pintype="passive"/>
      <node ref="U1" pin="2" pinfunction="3V3" pintype="power_in"/>
    </net>
    <net code="2" name="+5V">
      <node ref="C7" pin="1" pintype="passive"/>
      <node ref="J9" pin="1" pinfunction="Pin_1" pintype="passive"/>
      <node ref="JP3" pin="2" pinfunction="B" pintype="passive"/>
      <node ref="R12" pin="1" pintype="passive"/>
      <node ref="U2" pin="9" pinfunction="Vss" pintype="power_in"/>
      <node ref="U3" pin="9" pinfunction="Vss" pintype="power_in"/>
      <node ref="U6" pin="3" pinfunction="IN" pintype="input"/>
    </net>
    <net code="3" name="+12V">
      <node ref="C10" pin="1" pintype="passive"/>
      <node ref="C11" pin="1" pintype="passive"/>
      <node ref="C5" pin="1" pintype="passive"/>
      <node ref="C6" pin="1" pintype="passive"/>
      <node ref="C9" pin="1" pintype="passive"/>
      <node ref="D2" pin="2" pinfunction="K" pintype="passive"/>
      <node ref="D3" pin="2" pinfunction="K" pintype="passive"/>
      <node ref="D4" pin="2" pinfunction="K" pintype="passive"/>
      <node ref="D5" pin="2" pinfunction="K" pintype="passive"/>
      <node ref="D6" pin="2" pinfunction="K" pintype="passive"/>
      <node ref="D7" pin="2" pinfunction="K" pintype="passive"/>
      <node ref="D8" pin="1" pinfunction="K" pintype="passive"/>
      <node ref="R9" pin="2" pintype="passive"/>
      <node ref="U2" pin="4" pinfunction="Vs" pintype="power_in"/>
      <node ref="U3" pin="4" pinfunction="Vs" pintype="power_in"/>
      <node ref="U5" pin="3" pinfunction="VIN" pintype="power_in"/>
    </net>
    <net code="4" name="/CHIP_PU">
      <node ref="C3" pin="1" pintype="passive"/>
      <node ref="J6" pin="3" pinfunction="Pin_3" pintype="passive"/>
      <node ref="R3" pin="2" pintype="passive"/>
      <node ref="R7" pin="2" pintype="passive"/>
      <node ref="SW1" pin="2" pinfunction="2" pintype="passive"/>
      <node ref="U1" pin="3" pinfunction="EN" pintype="input"/>
    </net>
    <net code="5" name="/DTR">
      <node ref="J2" pin="2" pinfunction="Pin_2" pintype="passive"/>
      <node ref="Q2" pin="2" pintype="passive"/>
      <node ref="R1" pin="1" pintype="passive"/>
    </net>
    <net code="6" name="/GPIO0(STRAP)">
      <node ref="C4" pin="1" pintype="passive"/>
      <node ref="R4" pin="2" pintype="passive"/>
      <node ref="R8" pin="2" pintype="passive"/>
      <node ref="SW2" pin="2" pinfunction="2" pintype="passive"/>
      <node ref="U1" pin="27" pinfunction="GPIO0/BOOT" pintype="bidirectional"/>
    </net>
    <net code="7" name="/GPIO1">
      <node ref="J7" pin="3" pinfunction="Pin_3" pintype="passive"/>
      <node ref="U1" pin="39" pinfunction="GPIO1/TOUCH1/ADC1_CH0" pintype="bidirectional"/>
    </net>
    <net code="8" name="/GPIO2">
      <node ref="J7" pin="4" pinfunction="Pin_4" pintype="passive"/>
      <node ref="U1" pin="38" pinfunction="GPIO2/TOUCH2/ADC1_CH1" pintype="bidirectional"/>
    </net>
    <net code="9" name="/GPIO3(STRAP)">
      <node ref="R6" pin="1" pintype="passive"/>
      <node ref="U1" pin="15" pinfunction="GPIO3/TOUCH3/ADC1_CH2" pintype="bidirectional"/>
    </net>
    <net code="10" name="/GPIO4">
      <node ref="J6" pin="4" pinfunction="Pin_4" pintype="passive"/>
      <node ref="U1" pin="4" pinfunction="GPIO4/TOUCH4/ADC1_CH3" pintype="bidirectional"/>
    </net>
    <net code="11" name="/GPIO5">
      <node ref="J6" pin="5" pinfunction="Pin_5" pintype="passive"/>
      <node ref="U1" pin="5" pinfunction="GPIO5/TOUCH5/ADC1_CH4" pintype="bidirectional"/>
    </net>
    <net code="12" name="/GPIO6">
      <node ref="J6" pin="6" pinfunction="Pin_6" pintype="passive"/>
      <node ref="U1" pin="6" pinfunction="GPIO6/TOUCH6/ADC1_CH5" pintype="bidirectional"/>
    </net>
    <net code="13" name="/GPIO7">
      <node ref="J6" pin="7" pinfunction="Pin_7" pintype="passive"/>
      <node ref="U1" pin="7" pinfunction="GPIO7/TOUCH7/ADC1_CH6" pintype="bidirectional"/>
    </net>
    <net code="14" name="/GPIO8">
      <node ref="J6" pin="8" pinfunction="Pin_8" pintype="passive"/>
      <node ref="U1" pin="12" pinfunction="GPIO8/TOUCH8/ADC1_CH7/SUBSPICS1" pintype="bidirectional"/>
    </net>
    <net code="15" name="/GPIO9">
      <node ref="J6" pin="9" pinfunction="Pin_9" pintype="passive"/>
      <node ref="U1" pin="17" pinfunction="GPIO9/TOUCH9/ADC1_CH8/FSPIHD/SUBSPIHD" pintype="bidirectional"/>
    </net>
    <net code="16" name="/GPIO10">
      <node ref="J6" pin="10" pinfunction="Pin_10" pintype="passive"/>
      <node ref="U1" pin="18" pinfunction="GPIO10/TOUCH10/ADC1_CH9/FSPICS0/FSPIIO4/SUBSPICS0" pintype="bidirectional"/>
    </net>
    <net code="17" name="/GPIO11">
      <node ref="J3" pin="1" pinfunction="Pin_1" pintype="passive"/>
      <node ref="U1" pin="19" pinfunction="GPIO11/TOUCH11/ADC2_CH0/FSPID/FSPIIO5/SUBSPID" pintype="bidirectional"/>
      <node ref="U3" pin="5" pinfunction="IN1" pintype="input"/>
    </net>
    <net code="18" name="/GPIO12">
      <node ref="J3" pin="2" pinfunction="Pin_2" pintype="passive"/>
      <node ref="U1" pin="20" pinfunction="GPIO12/TOUCH12/ADC2_CH1/FSPICLK/FSPIIO6/SUBSPICLK" pintype="bidirectional"/>
      <node ref="U3" pin="7" pinfunction="IN2" pintype="input"/>
    </net>
    <net code="19" name="/GPIO13">
      <node ref="J3" pin="3" pinfunction="Pin_3" pintype="passive"/>
      <node ref="U1" pin="21" pinfunction="GPIO13/TOUCH13/ADC2_CH2/FSPIQ/FSPIIO7/SUBSPIQ" pintype="bidirectional"/>
      <node ref="U3" pin="6" pinfunction="EnA" pintype="input"/>
    </net>
    <net code="20" name="/GPIO14">
      <node ref="J4" pin="3" pinfunction="Pin_3" pintype="passive"/>
      <node ref="U1" pin="22" pinfunction="GPIO14/TOUCH14/ADC2_CH3/FSPIWP/FSPIDQS/SUBSPIWP" pintype="bidirectional"/>
      <node ref="U3" pin="11" pinfunction="EnB" pintype="input"/>
    </net>
    <net code="21" name="/GPIO15">
      <node ref="J5" pin="1" pinfunction="Pin_1" pintype="passive"/>
      <node ref="U1" pin="8" pinfunction="GPIO15/U0RTS/ADC2_CH4/XTAL_32K_P" pintype="bidirectional"/>
      <node ref="U2" pin="6" pinfunction="EnA" pintype="input"/>
    </net>
    <net code="22" name="/GPIO16">
      <node ref="J3" pin="4" pinfunction="Pin_4" pintype="passive"/>
      <node ref="U1" pin="9" pinfunction="GPIO16/U0CTS/ADC2_CH5/XTAL_32K_N" pintype="bidirectional"/>
    </net>
    <net code="23" name="/GPIO17">
      <node ref="J4" pin="4" pinfunction="Pin_4" pintype="passive"/>
      <node ref="U1" pin="10" pinfunction="GPIO17/U1TXD/ADC2_CH6" pintype="bidirectional"/>
    </net>
    <net code="24" name="/GPIO18">
      <node ref="J3" pin="5" pinfunction="Pin_5" pintype="passive"/>
      <node ref="U1" pin="11" pinfunction="GPIO18/U1RXD/ADC2_CH7/CLK_OUT3" pintype="bidirectional"/>
    </net>
    <net code="25" name="/GPIO19(D-)">
      <node ref="D1" pin="3" pintype="passive"/>
      <node ref="J1" pin="2" pinfunction="D-" pintype="bidirectional"/>
      <node ref="U1" pin="13" pinfunction="GPIO19/U1RTS/ADC2_CH8/CLK_OUT2/USB_D-" pintype="bidirectional"/>
    </net>
    <net code="26" name="/GPIO20(D+)">
      <node ref="D1" pin="2" pintype="passive"/>
      <node ref="J1" pin="3" pinfunction="D+" pintype="bidirectional"/>
      <node ref="U1" pin="14" pinfunction="GPIO20/U1CTS/ADC2_CH9/CLK_OUT1/USB_D+" pintype="bidirectional"/>
    </net>
    <net code="27" name="/GPIO21">
      <node ref="J4" pin="5" pinfunction="Pin_5" pintype="passive"/>
      <node ref="U1" pin="23" pinfunction="GPIO21" pintype="bidirectional"/>
    </net>
    <net code="28" name="/GPIO35">
      <node ref="J4" pin="2" pinfunction="Pin_2" pintype="passive"/>
      <node ref="U1" pin="28" pinfunction="SPIIO6/GPIO35/FSPID/SUBSPID" pintype="bidirectional"/>
      <node ref="U3" pin="12" pinfunction="IN4" pintype="input"/>
    </net>
    <net code="29" name="/GPIO36">
      <node ref="J5" pin="2" pinfunction="Pin_2" pintype="passive"/>
      <node ref="U1" pin="29" pinfunction="SPIIO7/GPIO36/FSPICLK/SUBSPICLK" pintype="bidirectional"/>
      <node ref="U2" pin="5" pinfunction="IN1" pintype="input"/>
    </net>
    <net code="30" name="/GPIO37">
      <node ref="J5" pin="3" pinfunction="Pin_3" pintype="passive"/>
      <node ref="U1" pin="30" pinfunction="SPIDQS/GPIO37/FSPIQ/SUBSPIQ" pintype="bidirectional"/>
      <node ref="U2" pin="7" pinfunction="IN2" pintype="input"/>
    </net>
    <net code="31" name="/GPIO38">
      <node ref="J4" pin="1" pinfunction="Pin_1" pintype="passive"/>
      <node ref="U1" pin="31" pinfunction="GPIO38/FSPIWP/SUBSPIWP" pintype="bidirectional"/>
      <node ref="U3" pin="10" pinfunction="IN3" pintype="input"/>
    </net>
    <net code="32" name="/GPIO39">
      <node ref="J7" pin="8" pinfunction="Pin_8" pintype="passive"/>
      <node ref="U1" pin="32" pinfunction="MTCK/GPIO39/CLK_OUT3/SUBSPICS1" pintype="bidirectional"/>
    </net>
    <net code="33" name="/GPIO40">
      <node ref="J7" pin="7" pinfunction="Pin_7" pintype="passive"/>
      <node ref="U1" pin="33" pinfunction="MTDO/GPIO40/CLK_OUT2" pintype="bidirectional"/>
    </net>
    <net code="34" name="/GPIO41">
      <node ref="J7" pin="6" pinfunction="Pin_6" pintype="passive"/>
      <node ref="U1" pin="34" pinfunction="MTDI/GPIO41/CLK_OUT1" pintype="bidirectional"/>
    </net>
    <net code="35" name="/GPIO42">
      <node ref="J7" pin="5" pinfunction="Pin_5" pintype="passive"/>
      <node ref="U1" pin="35" pinfunction="MTMS/GPIO42" pintype="bidirectional"/>
    </net>
    <net code="36" name="/GPIO46(STRAP)">
      <node ref="R5" pin="2" pintype="passive"/>
      <node ref="U1" pin="16" pinfunction="GPIO46" pintype="bidirectional"/>
    </net>
    <net code="37" name="/GPIO47">
      <node ref="J7" pin="10" pinfunction="Pin_10" pintype="passive"/>
      <node ref="U1" pin="24" pinfunction="GPIO47/SPICLK_P/SUBSPICLK_P_DIFF" pintype="bidirectional"/>
    </net>
    <net code="38" name="/GPIO48">
      <node ref="J7" pin="9" pinfunction="Pin_9" pintype="passive"/>
      <node ref="U1" pin="25" pinfunction="GPIO48/SPICLK_N/SUBSPICLK_N_DIFF" pintype="bidirectional"/>
    </net>
    <net code="39" name="/LA_OUT1">
      <node ref="D2" pin="3" pinfunction="COM" pintype="passive"/>
      <node ref="J12" pin="1" pinfunction="Pin_1" pintype="passive"/>
      <node ref="U2" pin="2" pinfunction="OUT1" pintype="output"/>
    </net>
    <net code="40" name="/LA_OUT2">
      <node ref="D4" pin="3" pinfunction="COM" pintype="passive"/>
      <node ref="J12" pin="2" pinfunction="Pin_2" pintype="passive"/>
      <node ref="U2" pin="3" pinfunction="OUT2" pintype="output"/>
    </net>
    <net code="41" name="/M1_OUT1">
      <node ref="D3" pin="3" pinfunction="COM" pintype="passive"/>
      <node ref="J13" pin="1" pinfunction="Pin_1" pintype="passive"/>
      <node ref="U3" pin="2" pinfunction="OUT1" pintype="output"/>
    </net>
    <net code="42" name="/M1_OUT2">
      <node ref="D5" pin="3" pinfunction="COM" pintype="passive"/>
      <node ref="J13" pin="2" pinfunction="Pin_2" pintype="passive"/>
      <node ref="U3" pin="3" pinfunction="OUT2" pintype="output"/>
    </net>
    <net code="43" name="/M2_OUT1">
      <node ref="D6" pin="3" pinfunction="COM" pintype="passive"/>
      <node ref="J14" pin="1" pinfunction="Pin_1" pintype="passive"/>
      <node ref="U3" pin="13" pinfunction="OUT3" pintype="output"/>
    </net>
    <net code="44" name="/M2_OUT2">
      <node ref="D7" pin="3" pinfunction="COM" pintype="passive"/>
      <node ref="J14" pin="2" pinfunction="Pin_2" pintype="passive"/>
      <node ref="U3" pin="14" pinfunction="OUT4" pintype="output"/>
    </net>
    <net code="45" name="/RTS">
      <node ref="J2" pin="1" pinfunction="Pin_1" pintype="passive"/>
      <node ref="Q1" pin="2" pintype="passive"/>
      <node ref="R2" pin="1" pintype="passive"/>
    </net>
    <net code="46" name="/U0RXD">
      <node ref="J2" pin="4" pinfunction="Pin_4" pintype="passive"/>
      <node ref="U1" pin="36" pinfunction="U0RXD/GPIO44/CLK_OUT2" pintype="bidirectional"/>
    </net>
    <net code="47" name="/U0TXD">
      <node ref="J2" pin="3" pinfunction="Pin_3" pintype="passive"/>
      <node ref="U1" pin="37" pinfunction="U0TXD/GPIO43/CLK_OUT1" pintype="bidirectional"/>
    </net>
    <net code="48" name="/USB_supply_in">
      <node ref="D1" pin="4" pintype="passive"/>
      <node ref="J1" pin="1" pinfunction="VBUS" pintype="power_out"/>
    </net>
    <net code="49" name="GND">
      <node ref="C1" pin="2" pintype="passive"/>
      <node ref="C10" pin="2" pintype="passive"/>
      <node ref="C11" pin="2" pintype="passive"/>
      <node ref="C13" pin="2" pintype="passive"/>
      <node ref="C14" pin="2" pintype="passive"/>
      <node ref="C2" pin="2" pintype="passive"/>
      <node ref="C3" pin="2" pintype="passive"/>
      <node ref="C4" pin="2" pintype="passive"/>
      <node ref="C5" pin="2" pintype="passive"/>
      <node ref="C6" pin="2" pintype="passive"/>
      <node ref="C7" pin="2" pintype="passive"/>
      <node ref="C8" pin="2" pintype="passive"/>
      <node ref="C9" pin="2" pintype="passive"/>
      <node ref="D1" pin="1" pintype="passive"/>
      <node ref="D2" pin="1" pinfunction="A" pintype="passive"/>
      <node ref="D3" pin="1" pinfunction="A" pintype="passive"/>
      <node ref="D4" pin="1" pinfunction="A" pintype="passive"/>
      <node ref="D5" pin="1" pinfunction="A" pintype="passive"/>
      <node ref="D6" pin="1" pinfunction="A" pintype="passive"/>
      <node ref="D7" pin="1" pinfunction="A" pintype="passive"/>
      <node ref="D9" pin="1" pinfunction="K" pintype="passive"/>
      <node ref="J1" pin="5" pinfunction="GND" pintype="power_out"/>
      <node ref="J15" pin="1" pinfunction="Pin_1" pintype="passive"/>
      <node ref="J2" pin="5" pinfunction="Pin_5" pintype="passive"/>
      <node ref="J6" pin="11" pinfunction="Pin_11" pintype="passive"/>
      <node ref="J6" pin="12" pinfunction="Pin_12" pintype="passive"/>
      <node ref="J7" pin="1" pinfunction="Pin_1" pintype="passive"/>
      <node ref="J7" pin="11" pinfunction="Pin_11" pintype="passive"/>
      <node ref="J7" pin="12" pinfunction="Pin_12" pintype="passive"/>
      <node ref="J7" pin="2" pinfunction="Pin_2" pintype="passive"/>
      <node ref="J8" pin="3" pinfunction="Pin_3" pintype="passive"/>
      <node ref="J9" pin="2" pinfunction="Pin_2" pintype="passive"/>
      <node ref="R11" pin="2" pintype="passive"/>
      <node ref="SW1" pin="1" pinfunction="1" pintype="passive"/>
      <node ref="SW2" pin="1" pinfunction="1" pintype="passive"/>
      <node ref="TP3" pin="1" pinfunction="1" pintype="passive"/>
      <node ref="U1" pin="1" pinfunction="GND" pintype="power_in"/>
      <node ref="U1" pin="40" pinfunction="GND" pintype="passive"/>
      <node ref="U1" pin="41" pinfunction="GND" pintype="passive"/>
      <node ref="U2" pin="1" pinfunction="SENSE_A" pintype="power_in"/>
      <node ref="U2" pin="8" pinfunction="GND" pintype="power_in"/>
      <node ref="U3" pin="1" pinfunction="SENSE_A" pintype="power_in"/>
      <node ref="U3" pin="8" pinfunction="GND" pintype="power_in"/>
      <node ref="U5" pin="1" pinfunction="GND" pintype="power_in"/>
      <node ref="U6" pin="1" pinfunction="GND" pintype="power_in"/>
    </net>
    <net code="50" name="Net-(D8-A)">
      <node ref="D8" pin="2" pinfunction="A" pintype="passive"/>
      <node ref="J15" pin="2" pinfunction="Pin_2" pintype="passive"/>
    </net>
    <net code="51" name="Net-(D9-A)">
      <node ref="D9" pin="2" pinfunction="A" pintype="passive"/>
      <node ref="R12" pin="2" pintype="passive"/>
    </net>
    <net code="52" name="Net-(J8-Pin_2)">
      <node ref="J8" pin="2" pinfunction="Pin_2" pintype="passive"/>
      <node ref="R6" pin="2" pintype="passive"/>
    </net>
    <net code="53" name="Net-(JP2-A)">
      <node ref="JP2" pin="1" pinfunction="A" pintype="passive"/>
      <node ref="TP1" pin="1" pinfunction="1" pintype="passive"/>
      <node ref="U6" pin="2" pinfunction="OUT_2" pintype="output"/>
      <node ref="U6" pin="4" pinfunction="OUT_4" pintype="output"/>
    </net>
    <net code="54" name="Net-(JP3-A)">
      <node ref="C13" pin="1" pintype="passive"/>
      <node ref="C14" pin="1" pintype="passive"/>
      <node ref="JP3" pin="1" pinfunction="A" pintype="passive"/>
      <node ref="L1" pin="2" pinfunction="2" pintype="passive"/>
      <node ref="R13" pin="1" pintype="passive"/>
      <node ref="TP2" pin="1" pinfunction="1" pintype="passive"/>
    </net>
    <net code="55" name="Net-(Q1-Pad1)">
      <node ref="Q1" pin="1" pintype="passive"/>
      <node ref="R1" pin="2" pintype="passive"/>
    </net>
    <net code="56" name="Net-(Q1-Pad3)">
      <node ref="Q1" pin="3" pintype="passive"/>
      <node ref="R3" pin="1" pintype="passive"/>
    </net>
    <net code="57" name="Net-(Q2-Pad1)">
      <node ref="Q2" pin="1" pintype="passive"/>
      <node ref="R2" pin="2" pintype="passive"/>
    </net>
    <net code="58" name="Net-(Q2-Pad3)">
      <node ref="Q2" pin="3" pintype="passive"/>
      <node ref="R4" pin="1" pintype="passive"/>
    </net>
    <net code="59" name="Net-(R10-Pad1)">
      <node ref="R10" pin="1" pintype="passive"/>
      <node ref="R13" pin="2" pintype="passive"/>
      <node ref="R14" pin="1" pintype="passive"/>
    </net>
    <net code="60" name="Net-(U5-EN)">
      <node ref="R9" pin="1" pintype="passive"/>
      <node ref="U5" pin="5" pinfunction="EN" pintype="input"/>
    </net>
    <net code="61" name="Net-(U5-SW)">
      <node ref="C12" pin="1" pintype="passive"/>
      <node ref="L1" pin="1" pinfunction="1" pintype="passive"/>
      <node ref="U5" pin="2" pinfunction="SW" pintype="bidirectional"/>
    </net>
    <net code="62" name="Net-(U5-VBST)">
      <node ref="C12" pin="2" pintype="passive"/>
      <node ref="U5" pin="6" pinfunction="VBST" pintype="input"/>
    </net>
    <net code="63" name="Net-(U5-VFB)">
      <node ref="R10" pin="2" pintype="passive"/>
      <node ref="R11" pin="1" pintype="passive"/>
      <node ref="R14" pin="2" pintype="passive"/>
      <node ref="U5" pin="4" pinfunction="VFB" pintype="input"/>
    </net>
    <net code="64" name="unconnected-(J1-ID-Pad4)">
      <node ref="J1" pin="4" pinfunction="ID" pintype="passive+no_connect"/>
    </net>
    <net code="65" name="unconnected-(J1-Shield-Pad6)">
      <node ref="J1" pin="6" pinfunction="Shield" pintype="passive+no_connect"/>
    </net>
    <net code="66" name="unconnected-(U1-GPIO45-Pad26)">
      <node ref="U1" pin="26" pinfunction="GPIO45" pintype="bidirectional+no_connect"/>
    </net>
    <net code="67" name="unconnected-(U2-EnB-Pad11)">
      <node ref="U2" pin="11" pinfunction="EnB" pintype="input+no_connect"/>
    </net>
    <net code="68" name="unconnected-(U2-IN3-Pad10)">
      <node ref="U2" pin="10" pinfunction="IN3" pintype="input+no_connect"/>
    </net>
    <net code="69" name="unconnected-(U2-IN4-Pad12)">
      <node ref="U2" pin="12" pinfunction="IN4" pintype="input+no_connect"/>
    </net>
    <net code="70" name="unconnected-(U2-OUT3-Pad13)">
      <node ref="U2" pin="13" pinfunction="OUT3" pintype="output+no_connect"/>
    </net>
    <net code="71" name="unconnected-(U2-OUT4-Pad14)">
      <node ref="U2" pin="14" pinfunction="OUT4" pintype="output+no_connect"/>
    </net>
    <net code="72" name="unconnected-(U2-SENSE_B-Pad15)">
      <node ref="U2" pin="15" pinfunction="SENSE_B" pintype="power_in+no_connect"/>
    </net>
    <net code="73" name="unconnected-(U3-SENSE_B-Pad15)">
      <node ref="U3" pin="15" pinfunction="SENSE_B" pintype="power_in+no_connect"/>
    </net>
  </nets>
</export>
